N,P,K,temperature,ph,rainfall,label,Soil Moisture
85,58,41,21.77046169,7.038096361,226.6555374,rice,12
60,55,44,23.00445915,7.840207144,263.9642476,rice,34
74,35,40,26.49109635,6.980400905,242.8640342,rice,7
78,42,42,20.13017482,7.628472891,262.7173405,rice,50
69,37,42,23.05804872,7.073453503,251.0549998,rice,4
69,55,38,22.70883798,5.70080568,271.3248604,rice,15
89,54,38,24.51588066,6.685346424,230.4462359,rice,47
68,58,38,23.22397386,6.336253525,221.2091958,rice,19
91,53,40,26.52723513,5.386167788,264.6148697,rice,63
90,46,42,23.97898217,7.50283396,250.0832336,rice,88
78,58,44,26.80079604,5.108681786,284.4364567,rice,39
93,56,36,24.01497622,6.98435366,185.2773389,rice,65
94,50,37,25.66585205,6.94801983,209.5869708,rice,50
91,35,39,23.79391957,6.970859754,206.2611855,rice,66
89,45,36,21.32504158,6.442475375,185.4974732,rice,40
76,40,43,25.15745531,5.070175667,231.3843163,rice,2
67,59,41,21.94766735,6.012632591,213.3560921,rice,22
83,41,43,21.0525355,6.254028451,233.1075816,rice,1
98,47,37,23.48381344,7.375482851,224.0581164,rice,5
66,53,41,25.0756354,7.778915154,257.0038865,rice,10
97,50,41,24.52922681,7.070959995,260.2634026,rice,20
60,49,44,20.77576147,6.244841491,240.0810647,rice,40
84,51,35,22.30157427,6.043304899,197.9791215,rice,26
73,57,41,21.44653958,5.824709117,272.2017204,rice,71
98,53,38,20.26707606,5.01450727,270.4417274,rice,44
88,54,44,25.7354293,6.149410611,233.1321372,rice,24
95,55,42,26.79533926,5.950660556,193.3473987,rice,70
95,39,36,23.86330467,5.561398642,285.2493645,rice,44
63,44,41,24.17298839,5.583370042,257.0343554,rice,63
62,42,36,22.78133816,6.430010215,248.7183228,rice,49
64,45,43,25.62980105,5.534878156,209.9001977,rice,26
83,60,36,25.59704938,6.903985986,200.834898,rice,58
85,52,45,26.31355498,7.224285503,265.5355937,rice,37
91,35,38,24.8972823,6.13428721,183.6793207,rice,16
79,43,39,21.66628296,7.062779015,210.8142087,rice,72
88,55,45,24.63544858,7.730367824,253.7202781,rice,53
76,60,39,20.0454142,6.766240045,208.5810155,rice,41
93,56,42,23.85724032,7.382762603,195.0948311,rice,53
75,38,39,23.44676801,6.215109715,283.9338466,rice,66
74,54,38,25.65553461,7.120272972,217.3788583,rice,12
71,46,40,20.2801937,7.236705436,191.9535738,rice,37
99,55,35,21.7238313,6.501697816,277.9626192,rice,8
72,40,38,20.41447029,7.592490617,245.1511304,rice,55
83,58,45,25.75528612,5.875345751,245.6626799,rice,9
93,58,38,20.61521424,6.932400225,279.5451717,rice,41
99,41,36,24.45802087,6.738652179,182.5616319,rice,7
86,59,35,25.78720567,6.946636369,243.5120414,rice,42
69,46,41,23.64124821,5.012139669,263.1103304,rice,72
61,52,41,24.97669518,6.880431223,204.8001847,rice,14
67,45,38,22.72791041,7.300410836,260.8875056,rice,16
75,54,36,26.29465461,7.023936392,257.4914906,rice,56
97,36,45,22.2286982,6.939083505,278.0791793,rice,42
67,47,44,26.73072391,7.868474653,280.4044392,rice,78
73,35,38,24.88921174,5.005306977,185.9461429,rice,16
77,36,37,26.88444878,6.136131869,194.5766559,rice,87
68,57,43,26.08867875,5.706943251,182.9043504,rice,77
72,45,35,25.42977518,5.758506323,195.3574542,rice,45
61,53,43,26.40323239,6.349606327,223.3671883,rice,84
67,58,39,25.2827223,5.453592032,220.1156708,rice,17
82,43,38,23.28617173,5.105588355,242.3170629,rice,6
81,53,42,23.67575393,5.17782304,233.7034975,rice,71
78,40,38,26.46428311,7.549873681,248.2256491,rice,52
88,46,42,22.68319059,6.604993475,194.2651719,rice,11
78,35,44,26.54348085,7.072655622,183.6222657,rice,79
65,37,40,23.35905428,5.333322606,188.413665,rice,2
80,43,16,23.55882094,6.657964753,66.71995467,maize,71
73,58,21,19.97215954,6.596060648,60.65171481,maize,51
61,38,20,18.47891261,5.970458434,65.43835393,maize,67
68,41,16,21.77689322,6.158830619,102.0861694,maize,12
93,41,17,25.6217169,6.047906679,105.4654703,maize,67
89,60,19,25.19192419,5.913664501,78.06639649,maize,54
76,44,17,20.41683147,5.855442401,65.27798457,maize,49
67,60,25,24.92162194,5.750254943,109.2162279,maize,24
70,44,19,23.31689124,5.852607099,94.29712821,maize,27
92,44,16,18.87751445,6.082973754,94.76189431,maize,38
66,54,21,25.19008683,5.919045532,72.12375573,maize,23
70,47,17,24.6129118,6.600827017,104.1626147,maize,72
66,53,19,23.09348056,6.033550195,65.49730729,maize,36
74,55,19,18.05033737,6.28886807,84.23613484,maize,4
99,50,15,18.14710054,5.573286437,88.07753741,maize,8
74,56,22,18.28362235,6.829199275,80.97573281,maize,5
100,48,16,25.71895816,5.54990242,74.51490791,maize,2
79,51,16,25.33797709,6.586244581,96.46380213,maize,63
94,39,18,23.89114571,5.893093135,102.8301942,maize,17
75,49,15,21.53574127,5.918263801,102.4852929,maize,33
78,48,22,23.08974909,5.588650585,70.43473609,maize,21
87,35,25,21.44526922,6.178056304,65.88951188,maize,35
63,43,19,18.51816776,6.641906353,90.988051,maize,81
84,57,25,22.53510514,6.489040367,64.40866039,maize,44
98,44,21,25.77175115,6.524478032,107.4931917,maize,22
75,56,18,19.39851734,5.696205468,60.95197486,maize,57
86,55,21,21.54156232,6.803931519,109.7515385,maize,15
76,57,18,18.9802729,6.092725883,94.26249353,maize,20
99,56,17,24.10859207,6.234330356,71.07562236,maize,52
60,44,23,24.7947077,5.722579819,76.72860067,maize,47
74,48,17,21.63162756,6.430616465,69.21803098,maize,63
89,60,17,25.37548751,5.983952675,101.7004306,maize,48
69,51,23,22.21738222,6.80163854,106.6213157,maize,15
96,46,22,20.58314011,6.499936446,66.29390357,maize,87
61,60,15,24.87502824,6.265564338,91.26056654,maize,30
74,58,18,20.03728219,6.727303282,109.024141,maize,89
74,43,23,25.95263264,6.325235159,99.57981207,maize,28
63,43,17,19.28889933,6.807487794,71.3195307,maize,87
77,36,23,24.71417533,6.648725327,88.45361858,maize,58
87,60,23,20.27317074,6.439071996,62.50351892,maize,73
60,38,17,18.41932981,6.474476516,76.41312437,maize,84
94,54,17,23.39128187,5.871647806,107.3198135,maize,90
95,38,22,19.84939404,5.730617109,100.7689246,maize,90
84,44,21,21.869274,5.850439831,107.2681929,maize,29
77,58,19,22.8056033,5.791649933,101.5952794,maize,65
63,35,16,22.02720976,6.272417541,83.73280082,maize,70
72,60,25,18.52510753,5.773454729,88.10234397,maize,86
67,51,24,23.50297882,5.584171461,64.77791424,maize,90
86,36,24,26.54986394,5.787268394,73.33636055,maize,22
76,48,18,19.29563411,5.77597783,83.21030571,maize,7
75,53,18,20.68899915,6.864793607,103.651438,maize,73
71,35,24,22.27373646,5.826426917,67.96704792,maize,2
96,54,22,25.70196694,6.960358276,83.20711308,maize,48
99,39,18,19.20129357,6.11275104,87.85092352,maize,31
62,48,20,21.70181447,6.708446922,95.71388473,maize,4
86,37,16,20.51716779,5.561510732,67.61013737,maize,71
94,50,19,23.30355338,5.873242491,97.59081274,maize,74
76,39,24,24.2547451,6.995843776,64.23845455,maize,58
77,52,17,24.86374934,5.714799723,75.82270467,maize,76
74,39,23,22.6265115,6.78073637,88.17251033,maize,78
81,49,20,18.04185513,5.513697923,104.2321615,maize,5
99,38,21,22.88330922,6.352471866,67.72777298,maize,31
90,52,25,25.97482359,6.822586546,103.2234212,maize,30
68,40,19,26.14384005,6.655426355,107.2361366,maize,58
61,59,17,23.33844615,6.47444292,105.0083144,maize,26
78,37,22,25.34217103,6.330554389,74.52082026,maize,80
92,60,23,18.66746724,5.721667141,69.93293255,maize,8
79,59,17,20.37999665,6.644205485,108.5054416,maize,53
91,55,15,18.09300227,6.376651091,78.96159541,maize,79
76,51,18,26.16985907,6.247040422,79.84925393,maize,68
71,60,22,26.07470121,6.2048017,85.75692395,maize,34
90,57,24,18.92851916,6.158860284,82.34162918,maize,28
60,54,19,18.74826712,6.417820493,70.23401597,maize,88
83,58,23,19.74213321,6.381201909,65.50861389,maize,1
83,57,19,25.73044432,6.877869005,98.73771338,maize,25
40,72,77,17.02498456,7.485996067,88.55123143,chickpea,40
23,72,84,19.02061277,6.920251378,79.92698081,chickpea,77
22,72,85,18.86805647,6.391173589,88.51048983,chickpea,52
42,62,75,18.17912258,7.010570541,81.84997529,chickpea,12
28,74,81,18.01272266,8.753795334,81.98568791,chickpea,51
43,66,79,19.46233971,7.976607593,74.58565097,chickpea,64
23,62,85,18.97424756,8.490127142,80.7108745,chickpea,81
27,62,77,18.19737048,6.576415562,70.18185181,chickpea,47
50,56,76,20.99502153,7.966605025,73.50734019,chickpea,54
39,71,84,20.28155898,8.140825437,82.52339655,chickpea,60
25,78,76,17.48042641,7.228963452,66.96980581,chickpea,20
31,70,77,20.88818675,6.492546046,90.46228334,chickpea,39
25,68,77,20.09340593,7.701446446,85.74904898,chickpea,61
31,78,76,17.57212145,8.519975748,89.31050665,chickpea,40
60,68,83,19.12065218,6.620900869,85.52950164,chickpea,37
22,67,78,17.16606398,6.204090835,72.32667516,chickpea,70
36,65,80,18.2872007,6.051091339,74.87445574,chickpea,40
43,68,81,17.47809436,6.761599706,78.92060234,chickpea,5
28,76,82,20.56601874,6.654425315,83.75937135,chickpea,8
42,79,85,17.22385224,6.129533877,76.57580954,chickpea,58
32,60,83,19.69141713,8.829273328,91.76071648,chickpea,1
22,78,76,17.84851658,8.621662982,76.32470713,chickpea,65
31,79,75,18.8202251,8.204862075,89.73119396,chickpea,50
28,58,81,17.47500984,6.18042747,93.35034262,chickpea,2
57,58,77,18.72649425,7.978996755,81.20176515,chickpea,28
49,55,78,18.65580107,7.863113671,81.70769297,chickpea,56
46,76,77,18.2356751,6.967843048,83.74879344,chickpea,35
38,60,76,18.65054116,8.868741443,77.92798682,chickpea,90
59,55,79,20.36720401,8.766128654,82.2545577,chickpea,33
36,76,75,18.38120357,8.736337905,70.52056697,chickpea,40
57,68,81,17.17012591,8.081095263,72.78624223,chickpea,75
35,66,81,19.37101121,6.138243973,85.24819851,chickpea,43
35,64,78,17.92845928,7.496645259,85.37378769,chickpea,87
52,60,79,19.45339934,8.380185271,75.6317566,chickpea,90
27,76,83,19.12829388,6.289614016,89.61857826,chickpea,67
57,60,84,19.1034283,6.586777189,75.49101167,chickpea,83
52,68,78,17.48504075,6.89655198,86.05078037,chickpea,85
44,74,85,20.18649426,7.150681303,78.26039559,chickpea,88
24,55,78,17.30287885,6.64919573,75.57790384,chickpea,10
20,60,78,18.17234999,6.358740355,90.7760707,chickpea,62
56,67,78,17.57445618,8.255450758,77.81891424,chickpea,50
37,66,85,20.93175255,6.456148474,78.06910795,chickpea,35
49,71,76,19.71098332,6.613072145,85.57925437,chickpea,83
59,69,80,19.07937684,8.165359297,69.40619137,chickpea,5
20,79,77,18.54988627,7.64867466,76.32565249,chickpea,27
24,56,85,18.19903647,6.545888558,80.6405403,chickpea,34
57,73,85,18.49311205,7.358099622,91.94595352,chickpea,30
29,75,75,19.62416326,7.064790365,88.4585692,chickpea,60
44,59,78,20.67526473,7.599033472,84.78344008,chickpea,54
52,56,85,20.1187446,6.81712422,88.68168643,chickpea,14
34,76,80,20.65691793,7.985417393,65.23811143,chickpea,39
42,74,83,19.2582557,7.545258424,65.78042032,chickpea,40
34,71,79,17.927806,7.728998197,74.63872762,chickpea,50
27,73,79,19.16288268,7.354973451,82.69766829,chickpea,73
30,70,79,20.26942271,7.313122235,69.64449182,chickpea,37
57,57,75,17.09104223,7.785039076,87.27444866,chickpea,43
31,76,82,20.8248451,7.599279991,79.20509212,chickpea,71
33,75,84,19.46210401,7.217018459,68.81405149,chickpea,26
47,80,77,17.18248372,7.561108006,72.85017344,chickpea,12
54,62,80,17.48911699,7.489545074,79.45758333,chickpea,67
47,79,78,17.48395377,6.609696734,65.11365631,chickpea,17
35,57,83,19.48316794,7.476800943,80.4986291,chickpea,26
53,73,77,19.71359733,7.325451279,73.64476535,chickpea,78
37,78,79,19.95264829,7.786366322,88.6810311,chickpea,20
37,55,82,19.45591848,8.423873703,78.44910564,chickpea,40
53,65,76,20.19137759,8.719960893,77.33795356,chickpea,10
60,61,78,20.71219282,6.317153205,94.03659867,chickpea,11
42,67,77,18.99424448,7.114405288,78.69707199,chickpea,63
30,65,82,20.71424384,7.103798069,76.77888672,chickpea,75
57,56,78,17.34150229,8.861479668,67.9545435,chickpea,24
48,65,78,17.43732714,7.861128148,73.0926704,chickpea,65
36,56,83,18.89780215,7.4526709,69.09512477,chickpea,35
40,58,75,18.59190771,7.168096055,89.60982451,chickpea,44
49,69,82,18.31561493,7.26311855,81.78710463,chickpea,39
13,60,25,17.13692774,5.68597166,128.256862,kidneybeans,13
25,70,16,19.63474332,5.759237003,106.3598183,kidneybeans,20
31,55,22,22.91350245,5.873171894,109.225556,kidneybeans,82
40,64,16,16.43340342,5.926676985,140.3717815,kidneybeans,72
2,61,20,22.13974653,5.95561668,76.64128258,kidneybeans,56
26,80,18,19.32509638,5.581021521,104.7783947,kidneybeans,13
17,59,17,18.4167001,5.689858133,132.9801054,kidneybeans,43
25,57,19,17.15432954,5.566522896,87.99669731,kidneybeans,60
28,80,17,19.62207826,5.809419584,144.1567454,kidneybeans,89
25,60,22,21.63149148,5.887263027,134.3649948,kidneybeans,46
12,78,23,16.06522754,5.99812453,88.06638775,kidneybeans,8
6,77,25,20.61162204,5.792744849,69.63833855,kidneybeans,13
22,79,17,21.42451099,5.912289889,116.5206923,kidneybeans,55
10,55,23,21.18853178,5.728233081,137.1948633,kidneybeans,34
23,65,20,23.0429097,5.833940084,108.3684316,kidneybeans,55
19,78,16,20.65375833,5.967533236,67.71768947,kidneybeans,32
22,70,19,18.23775702,5.515615023,69.44951585,kidneybeans,80
37,64,22,17.48189735,5.954665349,121.9401369,kidneybeans,22
11,71,17,19.9191786,5.74644777,82.68554379,kidneybeans,2
18,79,20,20.27514686,5.877347515,139.7521543,kidneybeans,31
21,63,17,15.77370214,5.979973965,108.3441414,kidneybeans,59
24,80,22,16.71170642,5.635993966,96.77285817,kidneybeans,27
34,60,22,17.66148158,5.635231778,100.6711761,kidneybeans,42
17,77,23,24.51324787,5.670062975,64.19497947,kidneybeans,37
37,72,18,18.87614998,5.724242065,105.4120514,kidneybeans,17
9,77,17,20.12373284,5.783425416,106.158201,kidneybeans,90
33,59,22,22.64236876,5.946999529,122.3886015,kidneybeans,12
23,59,19,21.98560799,5.852046999,129.5650601,kidneybeans,26
6,62,22,20.53052663,5.824090984,120.4509288,kidneybeans,35
25,63,20,15.78601387,5.502999119,95.17028129,kidneybeans,84
7,79,23,19.6365349,5.821649914,96.65888933,kidneybeans,44
8,72,17,20.57341244,5.711439256,87.87869161,kidneybeans,90
27,64,15,20.16080524,5.514927264,138.2362122,kidneybeans,6
28,66,23,21.53989176,5.99616119,120.6913038,kidneybeans,70
17,77,24,20.76952209,5.568456899,109.0193712,kidneybeans,87
0,65,15,23.46168338,5.645435626,95.84253438,kidneybeans,86
13,72,21,24.32116642,5.821194486,60.27552528,kidneybeans,64
34,60,23,20.12574053,5.659254981,100.0497183,kidneybeans,15
9,80,19,21.80619564,5.945465949,125.0972687,kidneybeans,18
35,69,23,16.78791503,5.578410206,75.45328039,kidneybeans,81
3,77,25,24.84906168,5.608165195,62.21292186,kidneybeans,66
22,71,17,18.15300153,5.509295379,107.6907964,kidneybeans,5
31,79,25,23.18864385,5.902033406,63.38208822,kidneybeans,85
34,59,18,23.38002569,5.744117663,87.66898664,kidneybeans,14
12,63,17,18.358923,5.717143397,138.414764,kidneybeans,32
27,56,20,19.25975367,5.542690119,94.9533526,kidneybeans,3
7,63,24,22.95458237,5.858617867,107.7315386,kidneybeans,20
37,74,15,24.92360104,5.582178402,62.7089169,kidneybeans,6
25,76,24,15.33042636,5.56503533,135.3315583,kidneybeans,79
20,69,15,23.44260668,5.934136378,107.4137246,kidneybeans,77
37,65,16,22.8352024,5.683548308,63.59276673,kidneybeans,63
18,74,15,24.9035819,5.70836603,146.4727237,kidneybeans,3
4,67,25,23.78709569,5.948164454,119.6404412,kidneybeans,40
5,59,15,18.87492997,5.97229163,134.1811718,kidneybeans,90
22,80,20,23.00884744,5.669560726,100.118612,kidneybeans,37
27,69,22,17.91652287,5.932323085,69.14681022,kidneybeans,84
36,68,20,17.06104474,5.86442953,81.83420522,kidneybeans,18
5,65,16,21.32776028,5.866744372,109.1013261,kidneybeans,82
32,79,15,23.90910104,5.706198621,81.60211243,kidneybeans,86
11,78,22,23.89756791,5.940546818,112.6616435,kidneybeans,12
14,59,15,21.35135729,5.779090476,146.4548645,kidneybeans,16
29,68,23,24.1638445,5.82738029,116.7324324,kidneybeans,47
32,68,19,24.62835037,5.514234138,149.7441028,kidneybeans,51
17,64,17,21.02213209,5.662699104,124.6118471,kidneybeans,5
13,69,19,17.30844532,5.86390397,115.199245,kidneybeans,90
9,69,20,19.30607278,5.591560999,129.3449326,kidneybeans,16
40,78,20,19.18572809,5.669236258,80.15293435,kidneybeans,86
27,72,23,19.92889503,5.961934481,64.02640797,kidneybeans,86
14,67,15,19.56376468,5.690065688,139.2921004,kidneybeans,80
7,56,18,18.31357543,5.698371311,76.14153904,kidneybeans,58
27,65,18,20.10993761,5.59503163,73.36386477,kidneybeans,90
37,70,25,19.73136909,5.819403771,84.06354115,kidneybeans,38
27,63,19,20.93409877,5.562201934,133.1914419,kidneybeans,39
22,60,24,18.78226261,5.630664753,104.2570723,kidneybeans,9
3,72,24,36.51268371,6.03160778,122.6539694,pigeonpeas,73
40,59,23,36.89163721,5.269084669,163.7266551,pigeonpeas,77
33,73,23,29.23540524,5.985792703,103.3301803,pigeonpeas,16
30,75,25,30.33276599,6.446091759,149.299952,pigeonpeas,27
35,58,20,29.38538562,5.761702519,90.05422663,pigeonpeas,60
38,61,21,30.27374995,4.696518678,127.7767134,pigeonpeas,20
33,58,24,35.45790488,5.269504214,108.6333046,pigeonpeas,82
27,72,17,28.98039357,6.347929353,120.7435664,pigeonpeas,67
40,62,19,27.32198928,4.697750704,96.51524028,pigeonpeas,76
18,58,16,21.47607807,4.962661422,180.382234,pigeonpeas,2
3,68,16,18.31910448,4.964887857,107.4721605,pigeonpeas,20
16,70,20,24.80467592,5.6093956,121.5639121,pigeonpeas,86
24,63,19,19.3479443,4.681576043,194.5921148,pigeonpeas,7
9,76,25,28.88302142,5.70951224,179.2155874,pigeonpeas,82
16,55,19,19.54314136,6.413543781,192.4372194,pigeonpeas,20
28,75,21,24.7741949,6.007508163,114.2821387,pigeonpeas,65
24,70,21,19.14729038,5.517208078,132.7748215,pigeonpeas,72
38,72,21,28.23416057,5.902103172,186.5008581,pigeonpeas,73
9,66,21,30.11812084,5.719889876,157.0858232,pigeonpeas,8
34,56,17,33.4126864,4.548202098,139.6702541,pigeonpeas,7
26,73,21,31.33170829,4.946263888,161.7820226,pigeonpeas,65
27,61,18,33.30711818,5.266227032,108.5090168,pigeonpeas,31
36,61,21,34.53823889,5.617008201,168.5948318,pigeonpeas,12
17,73,18,19.50112224,5.632353113,197.3752649,pigeonpeas,78
26,72,22,28.76794904,4.674941549,91.72084869,pigeonpeas,72
17,64,16,30.97758716,7.161797643,180.716828,pigeonpeas,17
14,74,19,18.39759147,6.624966131,93.12330644,pigeonpeas,11
8,59,18,29.50523036,6.216814453,187.8961851,pigeonpeas,22
2,67,18,34.51934775,5.921666758,129.0064612,pigeonpeas,36
1,76,17,28.43430726,6.012719118,147.0414824,pigeonpeas,18
32,70,20,20.89342749,6.208843215,195.5697875,pigeonpeas,56
5,62,23,27.9348279,4.722222454,145.3728801,pigeonpeas,79
1,66,23,19.54317155,4.803564468,173.1686574,pigeonpeas,82
24,73,20,19.63736208,4.608695247,176.4134092,pigeonpeas,77
5,56,24,24.80710166,5.023115055,188.4928637,pigeonpeas,57
37,77,17,36.20970524,5.617122801,191.0658531,pigeonpeas,68
16,77,22,31.48469278,6.574209678,100.546816,pigeonpeas,26
35,80,25,28.09269012,4.895927306,197.1144011,pigeonpeas,34
14,75,24,24.54757829,6.436160044,118.3606557,pigeonpeas,48
36,80,21,33.64769646,7.066087261,100.4673278,pigeonpeas,5
20,74,16,36.04353699,4.759490199,159.8938645,pigeonpeas,74
5,77,19,31.08564994,6.242052013,175.9303271,pigeonpeas,35
5,68,20,18.72987676,5.001038726,139.8710041,pigeonpeas,74
20,72,15,36.00415838,7.313517308,134.8596466,pigeonpeas,77
31,56,23,31.46846241,5.661826398,174.5723999,pigeonpeas,44
0,70,21,36.30049702,4.672437054,101.6073988,pigeonpeas,62
21,74,15,29.49096726,6.471862118,153.2504506,pigeonpeas,70
29,72,24,23.17409556,6.962386495,162.5931264,pigeonpeas,50
5,68,20,19.04380471,6.12166671,155.3705624,pigeonpeas,65
39,57,19,29.32379604,6.421748487,165.4113371,pigeonpeas,9
22,62,16,34.6455408,4.828936119,180.9009998,pigeonpeas,42
39,77,21,22.99774444,4.603563116,159.689339,pigeonpeas,57
13,75,20,30.55992394,6.979540061,178.8998611,pigeonpeas,25
26,64,22,25.95058595,5.16516459,109.1821183,pigeonpeas,16
23,55,16,21.01142393,5.111488821,185.2039114,pigeonpeas,79
4,69,19,19.25100056,5.374358869,149.063196,pigeonpeas,84
20,67,19,19.24462755,5.671419084,180.6465282,pigeonpeas,2
17,64,18,36.75087487,6.07938452,124.6028153,pigeonpeas,80
11,72,22,29.37735586,6.842744374,172.40168,pigeonpeas,30
33,61,24,20.04611791,4.567446499,122.4564203,pigeonpeas,45
3,49,18,27.91095209,3.692863601,32.67891866,mothbeans,53
22,59,23,27.32220619,4.371745575,36.5037914,mothbeans,39
4,43,18,29.02955344,8.840656256,72.98016599,mothbeans,50
29,54,16,27.78031515,8.153022903,32.05025323,mothbeans,41
32,43,22,31.99928579,5.270749441,71.6266696,mothbeans,76
14,55,15,27.33580911,8.050304395,73.44775287,mothbeans,11
5,35,20,28.92952635,9.679240873,66.35634104,mothbeans,59
25,57,24,27.65472156,6.974978386,36.94255012,mothbeans,80
11,53,24,28.52396666,7.39389918,61.32935611,mothbeans,21
40,49,17,31.02215872,6.68727523,53.56783314,mothbeans,37
38,56,25,25.74095321,7.88118645,67.43488235,mothbeans,20
27,43,23,31.70447482,5.875333778,44.94317432,mothbeans,74
24,38,22,24.47876451,8.202706015,34.96933295,mothbeans,52
23,45,21,31.46511256,8.985348193,74.44330654,mothbeans,17
29,57,20,25.60973447,5.87707519,53.39249517,mothbeans,20
31,35,23,30.30260453,7.707595055,68.04039813,mothbeans,31
0,55,25,28.17489437,4.524171562,45.78172762,mothbeans,5
7,45,22,25.50634557,9.926212291,74.32635105,mothbeans,61
17,58,25,31.12896766,6.455592696,32.76742894,mothbeans,70
11,44,17,26.34043268,8.016210782,35.1051197,mothbeans,62
22,49,22,28.23494706,3.71105919,72.66666443,mothbeans,55
9,51,19,27.04453473,5.49091063,48.25207759,mothbeans,65
28,48,15,25.16125354,9.254089438,40.89732789,mothbeans,83
26,50,19,27.3179125,6.005242945,32.55919573,mothbeans,52
36,56,20,25.4123765,7.437078236,31.87416982,mothbeans,40
8,60,18,31.21629982,3.808429173,53.1205277,mothbeans,87
24,37,21,30.573999,5.818219385,62.74803826,mothbeans,77
22,43,24,25.42517036,4.52363558,46.19374559,mothbeans,74
36,43,24,27.09400578,3.510404312,41.53749535,mothbeans,36
22,44,24,24.30935081,6.030447288,58.99536268,mothbeans,3
8,45,15,28.09568993,4.61136408,33.84110759,mothbeans,54
11,45,19,28.70012137,3.828031463,44.11622138,mothbeans,89
6,36,22,24.21610338,8.869532817,42.24783476,mothbeans,60
17,57,20,28.50677929,3.793575185,66.1761456,mothbeans,55
4,47,20,25.97948991,4.193189124,72.19245835,mothbeans,85
25,51,24,25.5042419,9.392694614,65.07981523,mothbeans,74
36,44,21,25.12528913,4.516154055,38.48678973,mothbeans,24
21,38,20,27.10508014,5.794289715,62.20279647,mothbeans,29
37,57,20,31.1006247,7.354286985,70.79934452,mothbeans,49
32,48,18,26.45707778,5.993513566,64.16167699,mothbeans,43
29,44,20,30.04132304,8.620107545,31.83192392,mothbeans,5
25,51,18,27.77799528,9.45949344,50.28438729,mothbeans,71
10,44,24,30.99256944,8.0344125,58.27600682,mothbeans,49
23,35,18,26.4908332,5.414492777,36.99362831,mothbeans,40
3,58,21,25.36140526,9.160691747,55.60523179,mothbeans,17
22,42,22,25.54249137,7.887658711,48.46797044,mothbeans,13
12,39,21,28.99319096,8.183844843,70.4713043,mothbeans,59
39,36,22,29.34317422,9.072011412,34.03335472,mothbeans,63
32,41,16,28.63618921,7.702287236,68.54877876,mothbeans,82
30,41,15,24.83206631,5.88509677,52.0810886,mothbeans,75
19,36,22,25.44689075,6.16496284,57.04826619,mothbeans,57
4,46,15,31.01274943,3.504752314,63.77192383,mothbeans,83
22,55,24,28.56800579,8.66077954,64.53027638,mothbeans,54
35,51,17,28.79929247,3.558822825,40.85534718,mothbeans,10
17,56,17,27.94293692,5.9565851,69.66289997,mothbeans,8
28,57,17,30.47757686,9.416003106,61.86633917,mothbeans,28
22,36,16,30.58139475,8.18422855,64.58559639,mothbeans,19
11,41,19,26.85911286,5.131779302,44.13827124,mothbeans,70
23,37,24,28.77833449,7.991902443,33.95825723,mothbeans,83
25,35,20,28.90245417,8.923095695,71.90018566,mothbeans,6
40,45,20,29.37687468,6.878498176,38.34303462,mothbeans,29
2,56,23,26.65333029,7.550090941,36.91852635,mothbeans,14
27,59,20,28.00937423,4.397698806,36.01203025,mothbeans,39
15,45,23,24.20422636,7.224193642,46.0203959,mothbeans,90
26,52,23,29.98835437,4.931890506,52.92929636,mothbeans,26
20,45,16,29.93964907,4.626212446,45.43669946,mothbeans,11
34,54,24,31.2119298,5.026003659,68.80141783,mothbeans,74
19,51,25,26.80474415,3.5253661,43.87801983,mothbeans,71
29,41,21,31.49398069,8.86979671,64.56807592,mothbeans,43
20,50,22,30.99694676,9.406887533,38.31597852,mothbeans,84
11,40,23,29.61253065,5.80428611,50.1978269,mothbeans,44
15,54,15,29.97604322,8.35495812,44.86052932,mothbeans,42
35,55,22,30.88883074,8.634929739,55.51932414,mothbeans,20
9,59,25,30.39321309,7.699200949,35.37493212,mothbeans,36
40,45,18,30.43683729,5.261285926,30.92014047,mothbeans,26
35,38,19,25.32688786,9.112771682,32.71129281,mothbeans,20
14,58,17,30.53684308,4.605700542,33.48919022,mothbeans,11
40,55,18,30.38257873,7.115994051,47.95406479,mothbeans,49
18,36,23,24.01825377,7.214078621,35.03404425,mothbeans,49
35,52,15,28.69841277,9.93509073,65.67591794,mothbeans,39
4,59,22,29.33743412,8.914074888,42.44054315,mothbeans,83
22,51,16,27.96583691,8.639586199,70.10472076,mothbeans,40
33,47,17,24.86803974,8.621514073,63.9187654,mothbeans,2
2,51,17,25.87682261,5.838508699,38.53254678,mothbeans,85
16,51,21,31.01963639,3.532008668,32.81296548,mothbeans,35
19,55,20,27.43329405,7.18530147,54.73367631,mungbean,36
8,54,20,28.3340432,7.034214276,38.7976407,mungbean,75
22,56,17,29.87888063,6.89077995,44.75215854,mungbean,18
34,59,23,28.56212158,6.935804256,56.48265193,mungbean,46
31,51,25,27.53592929,7.196774236,53.01899249,mungbean,60
0,49,18,29.68361658,6.990095452,41.82490236,mungbean,12
28,35,22,29.53037621,7.156563094,59.87232071,mungbean,82
17,52,17,27.88352946,6.364967184,44.64407105,mungbean,27
24,42,23,28.22471276,6.428054409,44.01206619,mungbean,9
28,46,16,29.008124,6.664187809,45.91011391,mungbean,62
21,38,21,29.75538903,6.637677489,37.54602719,mungbean,82
34,60,25,29.78416743,6.79385576,40.77872823,mungbean,51
31,58,15,27.11026483,7.121571293,51.52617423,mungbean,89
19,35,24,27.11030369,6.883308033,49.11964582,mungbean,56
24,53,17,28.95451232,6.421271178,57.65901369,mungbean,13
13,47,20,29.21780035,6.54450214,43.1386631,mungbean,19
31,53,16,28.7420098,6.452006451,48.54598575,mungbean,90
28,45,23,29.65021184,6.489259136,56.76278363,mungbean,60
31,37,21,27.23924995,6.713410626,37.31236904,mungbean,39
33,60,15,28.95172351,6.510840928,56.51103293,mungbean,72
13,57,25,28.30041493,6.86308576,50.47333854,mungbean,44
33,57,17,27.89636126,6.78415271,57.79863368,mungbean,73
23,59,25,27.8262623,6.320768488,56.68833819,mungbean,55
6,48,24,28.6362812,6.790736339,48.48319335,mungbean,35
14,48,21,29.24598976,6.991242362,53.43228915,mungbean,86
8,50,21,28.62911222,6.218923893,50.49913241,mungbean,2
14,57,15,29.8757015,6.623438282,40.12044158,mungbean,36
10,59,15,29.83040388,6.32400451,58.86687093,mungbean,54
7,60,25,28.2753171,6.397636709,56.04995423,mungbean,72
2,47,15,29.86860065,6.401455706,58.41394143,mungbean,86
20,45,22,29.5888162,6.904587016,54.96121262,mungbean,34
2,39,15,28.07219563,6.478557136,49.61865305,mungbean,36
27,40,24,27.84026517,7.063022095,52.84626009,mungbean,55
4,59,25,27.68515114,6.227134139,54.62243308,mungbean,28
1,48,24,29.34594634,6.232836962,59.03629954,mungbean,44
36,43,21,28.36319404,7.140437859,52.93031105,mungbean,5
11,46,24,27.65280218,6.459252023,56.52558045,mungbean,42
21,44,18,27.06909959,7.12851089,50.46746116,mungbean,4
17,58,20,28.06642822,6.42937879,39.23831035,mungbean,63
25,40,21,27.73329078,6.248900919,44.17580911,mungbean,3
37,49,25,29.9145443,6.415459592,41.39081525,mungbean,35
1,59,23,27.46852989,7.184398832,43.78420984,mungbean,61
9,48,22,27.77076285,6.402926221,49.50812624,mungbean,40
14,41,17,29.12939524,7.085982325,36.45012824,mungbean,70
35,52,19,27.10606808,6.698574085,37.45680611,mungbean,26
31,48,17,28.88078945,6.594739424,53.79732545,mungbean,31
4,41,20,28.14720892,6.647965508,37.44800463,mungbean,74
30,37,25,29.89129144,7.120032489,54.7960127,mungbean,30
9,35,20,27.41503453,6.91380932,40.53173216,mungbean,47
20,41,20,29.27308605,7.073048264,50.9246554,mungbean,14
37,50,23,29.65296893,6.5304707,56.01913159,mungbean,88
34,35,21,28.44524991,6.684381357,58.18713162,mungbean,52
14,37,15,27.96235681,6.581351374,48.9366954,mungbean,66
23,39,22,29.25649321,6.86483915,42.02483277,mungbean,44
27,56,20,29.2114218,6.41874299,51.53848218,mungbean,33
31,40,22,29.40889385,6.365513634,53.35486977,mungbean,55
25,59,19,29.06631494,6.626629798,43.95183726,mungbean,66
32,56,21,27.38538997,6.702772465,58.29933073,mungbean,56
8,45,18,27.93034941,7.011030515,43.25095608,mungbean,89
19,39,17,29.2808618,6.890156495,44.47427436,mungbean,43
39,37,15,28.9973145,6.821747052,59.84499208,mungbean,52
33,37,19,27.92678579,7.183189922,43.4826194,mungbean,40
26,54,17,28.5474135,6.27258822,49.4897245,mungbean,35
21,51,15,29.36488409,6.679127482,48.30159325,mungbean,65
22,54,20,28.56149805,6.689825155,41.013132,mungbean,30
29,45,16,28.43683487,6.583381939,43.12063289,mungbean,63
4,40,21,28.79728147,6.725551062,44.30070517,mungbean,58
20,45,17,28.17458662,6.770955317,37.2464655,mungbean,2
23,45,23,28.77653519,6.983130466,56.12443206,mungbean,37
25,48,21,28.438097,6.267684328,52.55469976,mungbean,71
56,79,15,29.48439992,7.454532137,71.89090748,blackgram,30
25,62,21,26.73433965,7.040056094,67.15096376,blackgram,55
42,61,22,26.27274407,7.418650668,70.23207557,blackgram,6
42,73,25,34.03679184,6.501869314,73.23573601,blackgram,74
50,55,16,28.81460716,7.581442888,62.26242533,blackgram,21
35,72,21,34.03619494,7.741418772,66.85510868,blackgram,66
30,64,20,33.8642935,6.573531614,68.02199825,blackgram,88
50,74,17,27.10053268,6.5408208,73.84949872,blackgram,61
39,73,24,25.65842532,7.22405917,69.28607828,blackgram,81
57,67,25,32.34744009,7.551364319,64.55882254,blackgram,53
52,63,19,29.58949031,6.928898659,67.53021213,blackgram,57
51,56,18,28.12787838,6.706505915,70.86340755,blackgram,84
36,66,15,30.08545364,6.668238556,67.1367443,blackgram,68
59,55,19,31.74379487,7.332375138,68.97097538,blackgram,1
50,58,23,27.81326852,7.596802025,69.75555541,blackgram,65
30,65,25,32.88733849,7.70650895,71.50569456,blackgram,48
20,62,18,29.36358721,7.366542647,61.91208707,blackgram,67
58,71,15,27.82592799,6.919243702,74.01229707,blackgram,71
40,63,18,30.41588462,6.74441168,63.02473185,blackgram,2
48,61,21,30.28496619,6.628264883,65.62859526,blackgram,43
49,68,22,28.56840626,7.127064207,63.49726331,blackgram,50
32,66,17,34.9466155,7.162357641,70.1415139,blackgram,90
25,65,21,33.86351172,6.880245789,69.24464096,blackgram,37
41,78,21,25.19857725,6.581313137,70.88787207,blackgram,37
53,67,17,31.77681682,7.296972161,61.46892873,blackgram,89
39,60,21,34.89814946,6.97297656,64.72797143,blackgram,38
25,76,17,31.74105409,7.241148507,62.3061735,blackgram,88
21,78,19,27.16159076,6.92009048,69.85112265,blackgram,12
57,60,17,26.23773129,7.504608385,73.58663968,blackgram,48
56,75,15,30.20157245,7.152272256,66.37171179,blackgram,87
49,72,15,31.55846339,7.137004749,74.86960831,blackgram,80
49,76,18,27.05365239,7.393631868,60.4693835,blackgram,46
28,68,19,34.63880966,7.69950698,72.43169115,blackgram,88
50,64,25,28.84079155,6.734447425,70.25496749,blackgram,19
34,80,19,31.49338309,6.521217963,71.48327008,blackgram,33
20,68,23,25.54960633,7.707332484,63.1830529,blackgram,68
55,67,16,34.37329112,6.596719015,70.27184748,blackgram,49
23,70,15,34.6008247,7.403623355,60.41790253,blackgram,6
53,74,15,29.43463808,7.517097,72.17818157,blackgram,10
26,67,16,29.10713092,7.17620823,67.83345933,blackgram,8
33,80,22,28.57006111,6.593961761,70.0866434,blackgram,20
37,79,19,27.54384835,7.143942758,69.40878198,blackgram,39
33,75,21,33.04687968,6.690655045,62.30278274,blackgram,28
22,55,20,33.95309131,7.423530351,61.16350463,blackgram,58
43,68,20,29.57812712,7.497469256,69.43895491,blackgram,90
21,72,17,31.52104732,7.580527339,61.71111448,blackgram,85
41,62,15,29.38400259,7.358974541,65.24194361,blackgram,38
28,65,23,28.38686534,7.405176138,74.24459122,blackgram,49
35,64,15,28.47442276,6.500144962,69.5274407,blackgram,68
52,58,16,30.64095781,7.167435834,71.36947525,blackgram,69
58,75,25,25.25596239,7.261791753,68.64685069,blackgram,51
34,66,19,32.97030511,7.586642101,73.44678678,blackgram,48
23,57,19,32.83963757,7.251000789,73.40452716,blackgram,22
37,62,17,25.68576704,7.121254928,74.62068748,blackgram,41
44,75,22,30.0328403,7.574561547,71.21006868,blackgram,79
21,80,20,28.20667264,7.350869792,64.32887142,blackgram,33
43,61,20,26.87187036,6.804253866,63.51822045,blackgram,46
55,60,15,32.79766751,7.163043872,64.11411069,blackgram,71
44,63,15,26.42333018,7.338929556,63.46546487,blackgram,78
29,67,21,29.79181107,6.621323612,63.02169909,blackgram,73
47,63,16,27.44003279,6.661870999,72.50669768,blackgram,14
40,68,17,34.1262979,7.733149554,70.40795007,blackgram,59
58,61,15,30.94908189,7.402891666,62.78730907,blackgram,15
58,79,17,27.24766491,7.04174124,62.31842057,blackgram,54
27,62,24,28.63005477,7.353876754,62.2737345,blackgram,60
52,65,20,32.81705216,6.814301033,68.83924882,blackgram,49
44,55,25,29.6321052,7.42160832,71.16331975,blackgram,55
60,59,22,31.86847286,7.191522601,74.22238583,blackgram,48
33,77,21,30.32992227,7.01285529,71.64631281,blackgram,35
59,58,17,28.546224,7.368318809,62.83469851,blackgram,76
29,63,17,30.02629908,7.26154329,66.47264636,blackgram,20
59,63,18,31.65531175,6.52669158,66.69096751,blackgram,5
29,70,15,30.33499674,6.872594461,74.16699119,blackgram,48
58,73,16,33.36984395,6.874142175,64.89517488,blackgram,53
55,77,22,31.4345059,7.76061831,64.77651469,blackgram,18
42,79,23,27.71678273,6.781841984,68.56507978,blackgram,71
44,77,21,32.63918668,7.326980454,61.83876146,blackgram,7
38,62,25,32.7477393,7.453975408,63.37784443,blackgram,89
13,61,22,19.44084326,7.728832424,46.83130119,lentil,71
38,60,20,29.84823072,7.491217102,46.80452595,lentil,85
11,74,17,21.36383757,6.633864582,46.6352865,lentil,2
37,71,16,26.28663931,7.324863481,46.13833007,lentil,29
29,71,18,22.17499963,6.410441476,53.46622584,lentil,60
2,72,18,26.57597546,7.836719564,50.89110726,lentil,46
6,59,21,26.58972517,6.139215944,50.90994463,lentil,89
13,64,20,19.1345771,6.590571088,36.46946971,lentil,76
6,77,20,25.78746268,6.058306161,49.14337177,lentil,18
2,75,22,23.89271875,6.658605362,52.55730112,lentil,29
3,69,23,28.67408774,7.299360767,42.96018627,lentil,56
27,80,24,28.42062847,7.815210661,49.02366803,lentil,59
39,78,15,21.35499456,5.925391795,41.78219834,lentil,45
40,79,17,21.12695586,6.403683619,38.71834464,lentil,31
37,62,22,24.02037872,7.397546271,49.78102578,lentil,2
31,60,24,25.40474421,7.722335992,51.92057267,lentil,74
3,78,18,20.21368219,6.887130053,50.89732989,lentil,1
4,80,16,29.19585548,7.441976825,44.93261911,lentil,43
12,66,20,27.41434987,7.336117221,44.43177543,lentil,30
4,61,21,24.84063998,6.75020529,48.77790371,lentil,20
9,60,21,29.94413861,7.52178027,40.37113729,lentil,14
18,66,22,25.87990287,6.347379185,47.89645224,lentil,86
6,72,15,22.99451999,7.670178119,54.49044154,lentil,28
15,77,20,25.13163619,7.399749291,49.04015558,lentil,27
0,65,24,28.49584395,7.841496029,53.14531023,lentil,84
30,79,22,18.28766124,6.254216611,48.60449438,lentil,32
2,78,23,21.31852148,7.320514721,45.42616802,lentil,53
10,78,18,18.54141834,6.296976913,44.07819743,lentil,79
14,67,25,25.28710601,7.241151936,49.37369982,lentil,37
39,65,23,25.43459777,7.685959305,41.02682925,lentil,23
19,72,15,28.83600962,6.890760124,44.08562546,lentil,25
18,57,21,27.37659643,6.155915975,49.47371773,lentil,43
28,58,25,27.4818649,6.861640036,37.81123974,lentil,44
5,65,19,18.28072173,6.978361689,48.80253285,lentil,69
16,65,19,27.61204997,7.043160241,42.72374404,lentil,30
34,65,19,23.43974653,5.94239222,45.40277297,lentil,71
14,69,19,20.95628486,7.239455147,52.39881209,lentil,59
22,55,16,23.7937153,6.516317561,49.73922097,lentil,54
24,61,17,22.6371424,6.233269045,38.30411077,lentil,66
2,79,15,21.53577883,7.505283615,35.75107592,lentil,76
26,63,17,29.87854588,6.950300686,44.95654782,lentil,13
27,61,15,25.2653291,6.958054839,48.33941188,lentil,55
24,70,16,25.17885316,6.54803469,35.03484812,lentil,45
13,74,25,24.12192608,6.461618577,44.23629285,lentil,60
6,64,23,23.33565221,7.065264073,36.18678721,lentil,10
32,79,22,27.60195453,5.91645379,54.37814199,lentil,67
10,79,20,24.98287462,6.379881442,38.21370568,lentil,9
17,74,17,26.03026959,7.393210848,37.11395801,lentil,43
26,68,24,28.04849594,7.504930973,37.15824966,lentil,5
23,75,17,24.87425505,7.198076286,48.28137482,lentil,60
32,78,22,23.97081395,7.007037515,53.40906048,lentil,22
19,79,19,20.06003985,6.677262562,42.89509057,lentil,78
22,60,18,19.59221047,6.74398035,41.7704893,lentil,15
1,67,21,27.52135365,6.551577598,48.06491307,lentil,64
28,70,21,25.39038396,7.437373666,39.18374505,lentil,31
22,68,16,27.70496805,7.74672376,37.46160727,lentil,87
26,66,22,18.06486101,6.300479414,51.54922825,lentil,89
16,65,16,18.13027797,6.078724107,50.6128521,lentil,66
14,59,22,23.82723528,6.76660668,46.90725077,lentil,56
33,59,19,23.19305333,7.641024177,49.55213308,lentil,14
21,63,17,25.08966129,6.559681838,41.45486619,lentil,19
0,69,21,25.86928193,7.072923306,36.68284038,lentil,3
30,61,18,27.14911056,6.157782589,52.50812701,lentil,74
0,74,17,23.33375853,7.240988401,47.01510708,lentil,21
35,74,22,26.7230014,6.898905799,42.87274897,lentil,87
9,56,17,26.13708256,6.261937875,46.48280681,lentil,86
14,74,15,27.99990346,6.493036868,49.94043064,lentil,3
14,76,20,29.05941162,7.042474679,36.5011366,lentil,31
36,65,16,25.71269843,7.692013657,50.17067771,lentil,16
40,61,22,20.94981756,7.002216044,44.23913012,lentil,54
10,70,19,24.84918386,7.272427638,41.61080544,lentil,11
12,80,19,21.91041045,5.962001484,36.10211371,lentil,41
37,77,20,25.93381964,7.080506001,51.02372773,lentil,89
7,73,25,27.52185591,7.28805662,45.20841071,lentil,76
10,56,18,27.99627907,7.32710972,46.10585191,lentil,29
39,70,15,20.76774783,6.366355781,47.9271552,lentil,9
26,56,22,23.05276444,7.011121216,52.60285259,lentil,67
9,77,17,21.65845777,6.280725549,38.07659414,lentil,78
4,59,19,26.25070298,7.621494566,40.8106299,lentil,12
33,77,15,23.89736406,7.802212437,40.74536757,lentil,40
2,24,38,24.55981624,5.922935513,111.9684622,pomegranate,85
8,26,36,18.78359608,6.804781106,102.5184759,pomegranate,76
37,18,39,24.1469628,6.424670614,110.2316633,pomegranate,30
21,21,38,22.5526059,6.327673765,104.8955643,pomegranate,47
6,30,40,22.77035608,6.36137446,106.9659201,pomegranate,27
14,5,36,24.92639065,5.832525853,104.7693804,pomegranate,49
16,10,41,24.77464458,6.738993954,105.7595811,pomegranate,83
36,7,37,19.8671184,5.782435567,108.3168858,pomegranate,8
4,20,41,24.26601316,6.537042717,104.5375109,pomegranate,85
29,22,40,23.62600218,6.145104401,107.6836871,pomegranate,36
16,15,42,19.67832052,6.890784045,108.5468633,pomegranate,18
18,27,41,22.36509395,7.175344328,104.8216333,pomegranate,66
11,18,42,21.57936934,5.938528744,102.8593382,pomegranate,89
5,15,38,18.26233221,5.709380472,108.0756727,pomegranate,48
9,8,40,22.48720144,6.553509673,111.6631582,pomegranate,1
40,27,45,21.6602498,5.885638185,112.4349689,pomegranate,53
9,16,39,18.41164435,6.101198974,105.1834976,pomegranate,65
12,29,40,19.68291173,6.594037135,111.2818551,pomegranate,35
2,21,44,18.92157197,6.56893406,102.8013275,pomegranate,69
28,6,40,22.10621387,6.769855664,106.8704803,pomegranate,45
8,23,44,18.47412402,7.130837931,108.4758509,pomegranate,7
17,18,43,24.4880844,5.843005428,103.1969341,pomegranate,36
21,23,42,19.54128063,6.902751061,104.3739878,pomegranate,8
8,25,36,19.91330523,6.828522375,104.0277061,pomegranate,8
4,19,42,23.83185873,6.306605528,111.2232716,pomegranate,63
36,24,41,24.94467632,7.009180374,103.8799347,pomegranate,64
19,17,39,24.72485577,6.728599215,111.2787584,pomegranate,3
5,29,44,21.02432943,5.578095745,104.7847006,pomegranate,41
4,24,43,22.40423537,7.199504273,109.8695196,pomegranate,44
38,21,35,20.33691147,5.841367187,110.9653137,pomegranate,29
37,11,36,24.24779615,6.710143266,106.9216033,pomegranate,43
29,22,43,19.66329768,5.561851831,106.0380805,pomegranate,2
22,26,38,22.92052307,6.988035315,110.2437841,pomegranate,45
4,18,37,22.91843172,7.13147457,106.2817706,pomegranate,68
21,6,41,24.88244467,7.086947687,107.1951707,pomegranate,36
29,21,45,23.40981539,6.749260456,105.2240743,pomegranate,78
23,5,44,21.20725375,7.16300467,107.5660804,pomegranate,53
27,24,41,24.32770134,6.610251186,110.4606459,pomegranate,32
12,20,39,19.86173586,6.026999326,111.0217929,pomegranate,18
3,9,45,23.89162561,6.535244251,104.617522,pomegranate,64
1,27,36,23.98598756,5.684995235,104.991282,pomegranate,67
23,30,44,20.93892916,6.12476108,103.0295938,pomegranate,15
24,21,42,20.82210727,6.999014379,109.4429934,pomegranate,19
13,30,37,20.86474944,6.277148771,106.8685636,pomegranate,89
21,9,40,24.51147697,5.956401828,105.6209954,pomegranate,42
40,29,42,24.63228709,7.104094929,110.6956184,pomegranate,74
14,25,40,20.07386547,6.407872061,103.7084055,pomegranate,76
38,14,37,21.80523051,6.658402594,102.6488846,pomegranate,19
34,9,36,22.8122645,6.276038961,110.4432293,pomegranate,16
32,14,37,22.73031253,6.825256236,104.6843243,pomegranate,41
18,21,35,23.2801227,6.368560522,111.1382096,pomegranate,90
8,23,38,19.30106297,7.005410734,105.4766591,pomegranate,3
0,5,36,24.35193812,6.152906502,105.529185,pomegranate,89
31,11,45,24.83954414,6.034612928,107.6435771,pomegranate,10
10,5,42,20.24104904,6.887005997,109.2537734,pomegranate,12
8,28,38,23.22594,6.8444019,105.6917856,pomegranate,83
20,27,41,20.51343484,5.700088663,110.5764023,pomegranate,19
39,25,36,18.90223032,5.567805185,107.6103211,pomegranate,80
20,7,45,18.90592319,6.077886012,112.4750941,pomegranate,77
11,10,45,22.63045168,6.397995609,109.0357597,pomegranate,36
3,26,39,24.38318965,7.079973241,103.6012114,pomegranate,60
30,20,38,22.59890174,7.058222596,110.0932899,pomegranate,42
40,9,41,24.37766782,5.78270695,106.128338,pomegranate,90
32,25,35,18.09903225,5.892913826,107.0050976,pomegranate,52
33,23,45,20.00218987,7.116538883,112.337046,pomegranate,71
4,14,41,19.85139326,6.430163481,102.8186358,pomegranate,32
13,17,45,21.25433607,7.159520979,106.2784673,pomegranate,73
39,24,39,23.65374106,6.431265737,109.8076178,pomegranate,77
8,28,37,23.88404783,6.082571701,108.3121789,pomegranate,8
91,94,46,29.36792366,6.149934034,92.82840911,banana,61
105,95,50,27.33368994,5.849076099,101.0494791,banana,71
108,92,53,27.40053601,6.276800323,104.9378,banana,87
86,76,54,29.3159075,5.926824754,90.10978128,banana,70
80,77,49,26.05433004,5.519088423,113.2297373,banana,36
90,92,55,27.00932084,6.13465588,97.32531705,banana,78
108,88,55,26.28845991,5.891458107,113.8729798,banana,41
106,85,53,27.1994597,5.91505509,99.72430835,banana,75
86,95,49,28.05484146,6.458714879,108.3957179,banana,35
83,79,55,25.14748006,5.565028635,98.66679427,banana,51
85,95,47,25.94019018,6.211833161,119.84797,banana,69
109,79,45,27.66752761,6.490074429,108.66464,banana,87
100,76,45,25.56703012,5.590236025,102.7867717,banana,89
110,78,50,25.93730186,5.915568968,98.21747528,banana,48
94,70,48,25.13686519,6.195152442,91.46442491,banana,79
80,71,47,27.50527651,6.156373499,105.0776992,banana,9
114,79,51,26.21009246,6.313197204,112.0700033,banana,52
88,78,45,29.10403455,6.324270089,92.07835761,banana,87
117,76,47,25.56202173,6.119216009,93.10247183,banana,48
111,87,48,26.3985515,5.571401169,98.16752001,banana,90
89,83,47,28.09577643,5.63127166,109.5408614,banana,7
93,91,47,27.84767901,6.101241579,117.2878912,banana,59
105,74,45,25.14517635,6.098369122,119.218154,banana,57
116,71,47,27.57278064,6.435785799,91.34276507,banana,84
117,79,49,25.40909896,6.176644228,112.9794804,banana,68
119,72,55,25.99069521,6.220643671,112.0777152,banana,44
91,84,52,29.14827211,6.390741836,117.536781,banana,37
80,90,47,26.59743595,6.21084479,107.3944717,banana,66
101,70,48,25.36059237,6.012696655,116.5531455,banana,80
108,89,53,29.12036889,5.908770059,112.3982055,banana,9
100,80,52,27.53911354,6.049801781,110.3262123,banana,66
82,78,46,25.05802193,5.738678895,110.4408803,banana,36
106,70,55,25.86824781,5.74055541,116.3019555,banana,55
83,95,50,26.51682337,5.50947065,108.8547508,banana,55
119,90,48,28.66725136,5.986442306,118.2583441,banana,32
107,72,45,28.14938935,5.790768046,91.40508414,banana,90
116,81,55,26.42313317,5.915546415,95.12322062,banana,65
107,71,55,29.42017919,6.088064451,117.229079,banana,15
83,94,47,27.39872329,6.469370954,112.1355384,banana,77
102,73,54,26.4020227,5.720726906,111.0162259,banana,82
86,79,45,27.81251452,5.80766417,99.20961514,banana,1
95,74,50,25.90113128,6.002481605,110.10323,banana,89
91,75,55,27.48612983,6.212369363,109.2768851,banana,54
93,83,46,29.38254012,5.765308943,109.2486647,banana,70
104,80,54,27.09062164,5.879119455,110.1331182,banana,59
103,72,51,26.12643374,6.099478745,104.4812858,banana,71
93,85,49,27.96799119,5.694243847,119.4765557,banana,65
108,72,46,25.16278237,6.110844721,90.94554618,banana,54
105,88,54,25.78749808,6.020445317,114.2005455,banana,49
98,79,50,25.34119774,6.435917308,91.06493353,banana,54
95,82,48,27.39489579,5.719014989,92.78133617,banana,50
89,85,55,26.6719835,6.275384607,91.73358569,banana,16
101,92,45,28.22776705,5.758054257,98.00403016,banana,77
82,77,46,28.9470467,5.901100841,95.83016448,banana,52
104,73,46,29.1400919,6.28236237,90.45142867,banana,63
102,73,52,27.9122104,6.356090905,90.24211529,banana,1
100,74,52,25.43480512,5.837258235,96.47800391,banana,9
94,89,48,28.55980972,5.653437902,111.0843029,banana,17
99,70,46,26.59580783,5.727469947,100.5123341,banana,44
117,82,45,25.29391516,5.614471478,105.4220251,banana,64
96,86,51,29.90888522,6.257369799,91.99964712,banana,14
113,85,45,27.94972463,6.037430836,109.0921631,banana,13
105,93,46,25.01018457,5.760457558,108.3690513,banana,52
92,81,52,28.0106804,5.891413895,103.7040783,banana,39
110,71,54,28.67208915,5.725418961,94.37987496,banana,78
82,75,55,27.34585147,6.281069505,92.15524332,banana,47
2,40,27,29.73770045,5.954626604,90.09586854,mango,13
39,24,31,33.55695561,4.757114897,98.67527561,mango,80
0,21,32,35.89855625,6.430139436,92.19721736,mango,75
19,21,34,30.01592643,5.074272692,97.72843182,mango,55
18,17,31,31.74592134,5.667507706,93.75441586,mango,73
11,36,33,35.99009679,5.978634285,95.3713484,mango,29
30,28,30,31.86641378,5.064613314,98.46768642,mango,24
23,23,27,34.72413192,5.161148592,97.31258083,mango,19
37,30,34,27.53907547,6.797779227,99.35408185,mango,29
11,27,30,27.69637763,6.39474303,89.85646496,mango,42
12,19,31,27.25373364,5.566704378,91.87312479,mango,31
3,28,33,30.33723921,5.755049971,94.42850522,mango,48
37,38,32,31.85744939,5.417340525,91.55845821,mango,62
14,18,30,29.80747243,5.191265116,95.74606104,mango,85
40,16,35,34.16438906,4.954739564,98.33351125,mango,9
4,20,25,28.93270187,5.664587011,99.9834242,mango,45
36,25,33,27.98392787,5.548584852,99.61465679,mango,86
30,17,31,31.20478173,6.804437106,94.62954663,mango,47
38,15,30,28.91862016,5.075504537,97.01331604,mango,60
12,37,30,31.09779147,4.546466109,90.28624348,mango,77
8,33,29,29.98080499,6.442393461,91.82271568,mango,8
15,27,28,33.80398664,4.507523551,90.82549241,mango,8
34,16,25,30.07202564,6.10729559,92.09609766,mango,35
11,36,31,27.92063282,6.47544932,100.2585673,mango,6
12,31,26,35.7877738,5.395275719,100.2160615,mango,8
12,34,28,33.36140093,6.13526938,98.81596545,mango,76
5,16,31,35.96054636,4.555688532,98.00644238,mango,34
35,18,26,31.99490489,5.279388967,97.38741498,mango,74
4,40,26,27.58258929,6.720041791,95.8445641,mango,41
9,29,34,29.38471637,5.72742254,100.8124659,mango,90
2,38,33,32.38697531,4.691396195,90.21633216,mango,44
26,32,32,30.91471455,6.810186079,90.14047759,mango,12
34,38,31,35.37775595,6.454045329,97.41586402,mango,13
5,32,33,32.32362177,5.842763773,93.36718816,mango,21
34,34,35,27.27433181,6.422710539,95.257992,mango,60
36,19,32,27.10710832,4.94295037,92.37238878,mango,84
7,17,26,34.89226666,6.414526606,91.63074547,mango,21
38,15,27,33.7462686,6.777788126,92.26439205,mango,62
5,19,25,27.3511056,6.441328044,96.27792547,mango,67
37,36,26,32.89300162,4.650536197,94.49161372,mango,69
21,31,32,35.38598705,5.254532213,90.29643888,mango,55
37,36,27,27.5529736,5.910634533,90.40332704,mango,78
36,26,26,30.17294105,6.814630246,95.23444287,mango,67
24,33,35,29.26382931,5.342866119,100.7586226,mango,58
22,17,26,28.69818144,4.754435025,99.642454,mango,70
11,34,32,29.14305008,6.831706773,97.55155537,mango,2
22,28,26,27.67256197,4.947683034,92.84991507,mango,79
23,24,32,28.1218093,5.630619901,93.30247448,mango,80
1,35,34,30.79375683,6.27339822,92.21318555,mango,72
2,24,34,28.89409382,6.472774648,94.76322976,mango,60
39,37,25,33.33024826,6.953246506,98.28583013,mango,16
8,38,32,29.75150773,4.981816523,91.405983,mango,83
14,29,32,35.63627319,6.942520105,97.51952041,mango,55
18,20,26,31.66524687,5.435840509,89.98024312,mango,24
9,21,32,32.26935342,5.870116071,95.94035356,mango,69
20,30,27,27.81005614,4.74910393,95.89898581,mango,62
9,38,25,34.58561471,5.497946899,100.3060719,mango,18
26,24,34,31.27180992,6.811291098,89.74409017,mango,35
31,36,29,33.93679864,6.460542749,97.4611918,mango,59
14,18,35,31.09154239,4.791146778,91.46664318,mango,30
28,27,34,32.45465292,6.526654345,95.04871605,mango,51
0,17,30,35.47478322,6.279133738,97.79072474,mango,42
2,36,31,30.90225239,5.73171945,91.77522598,mango,61
12,27,26,29.09382275,5.32307197,96.23520043,mango,68
7,28,35,30.02086169,4.66910839,96.63721027,mango,21
0,36,26,34.13072188,5.101206389,96.38808001,mango,43
26,35,31,33.44619894,5.339556562,98.05089394,mango,6
27,21,30,35.3915464,5.061081874,91.22881052,mango,66
22,18,31,30.7645515,5.956027059,90.38503469,mango,18
28,23,28,30.01821337,5.676032581,96.08745082,mango,67
7,31,27,31.32863689,6.524114355,94.67344737,mango,79
39,16,27,35.53845018,4.934964765,91.54560427,mango,9
40,24,25,28.70595247,5.445008416,95.8946444,mango,21
19,38,26,31.48451729,4.525722333,93.17221967,mango,57
22,18,33,30.41235793,6.621623545,93.92375879,mango,89
31,20,30,32.17752026,6.207495815,91.88766069,mango,1
24,130,195,29.99677232,6.112305667,67.12534492,grapes,85
22,123,205,32.44577836,5.896343436,68.73932528,grapes,9
36,125,196,37.46566825,6.15526103,66.83872293,grapes,10
24,131,196,22.03296178,5.732453638,65.34440794,grapes,27
2,123,198,39.64851881,6.253034534,70.39906054,grapes,31
11,122,195,12.14190714,5.647202395,69.63122027,grapes,6
6,123,203,12.7567962,6.130310493,66.77844567,grapes,67
17,134,204,39.04071989,6.499604931,73.88467027,grapes,46
25,130,197,39.70772192,5.554831977,74.91506217,grapes,3
27,145,205,9.467960445,5.800242694,66.02765219,grapes,12
9,122,201,29.58748357,5.570290539,68.06417307,grapes,73
16,139,203,17.82803682,6.27564088,65.84748763,grapes,74
32,141,204,8.825674745,5.536645599,67.235765,grapes,72
22,138,195,27.83487131,6.208196881,73.02882766,grapes,87
31,144,202,11.02105378,5.870600622,68.23963161,grapes,1
28,122,197,19.89363946,5.856575335,69.66256816,grapes,29
4,136,204,29.93707596,5.898944282,65.52279323,grapes,25
39,145,201,36.73126647,5.775600435,72.24230804,grapes,86
38,132,197,20.42094753,5.931101816,66.93065667,grapes,44
36,133,198,25.51939719,6.2286454,69.17281221,grapes,20
15,125,199,18.4269936,5.569230319,69.75734306,grapes,38
24,140,205,12.087022,5.93202852,68.66813363,grapes,81
13,132,203,23.60115364,6.423216506,73.23901752,grapes,45
5,126,197,12.80000387,6.417500829,67.10439401,grapes,35
30,120,200,38.06099482,6.234904253,65.70148216,grapes,73
23,142,197,39.06555518,6.000573725,69.30772897,grapes,85
7,126,203,16.76201707,5.662140095,73.28712806,grapes,52
32,139,198,35.89307536,6.358186848,66.53946559,grapes,26
9,141,202,21.01245395,6.119495295,66.38448261,grapes,41
32,129,201,16.36251869,6.48754639,71.55665483,grapes,13
3,134,199,20.28370163,5.81717753,71.06611222,grapes,52
38,138,204,25.11108456,6.325480034,73.01026829,grapes,37
14,131,198,33.4641162,5.562790949,67.92204319,grapes,75
20,122,204,11.7976469,6.487369687,65.06962486,grapes,72
40,126,201,11.36300891,6.116982944,71.18289431,grapes,46
36,128,204,25.23542319,5.695792761,67.03840888,grapes,66
19,123,200,34.76086052,6.167013532,65.70430027,grapes,31
4,134,200,28.57828803,5.840256272,73.34232097,grapes,36
8,127,196,27.02766138,5.833302165,70.95666003,grapes,5
39,138,203,21.19339319,6.399433771,74.62834921,grapes,9
8,133,195,20.46657776,6.456079585,71.29813872,grapes,48
39,127,202,15.3246651,6.477768039,71.60102999,grapes,70
19,120,195,18.73932187,5.931538447,73.55807954,grapes,35
21,139,201,19.3642553,5.980598579,67.15094741,grapes,86
17,136,195,41.20733624,6.389783283,65.90227462,grapes,13
33,139,203,33.34214482,5.693287415,70.68098614,grapes,8
32,130,196,40.66012294,6.372959542,74.03030056,grapes,69
15,140,195,13.28504331,5.69945282,65.80006004,grapes,52
39,132,196,35.83089092,5.778594403,73.67984885,grapes,71
40,121,199,26.18159716,6.315586313,66.05911698,grapes,63
29,142,203,29.67229086,5.891195653,66.48490371,grapes,60
32,121,199,39.37102553,6.129812716,74.08101744,grapes,54
6,140,205,17.66558428,6.313085601,69.8671263,grapes,83
8,120,196,24.06679352,6.053662544,69.81855775,grapes,27
34,133,202,15.31413469,5.804799142,74.82144653,grapes,35
35,135,199,21.77466746,6.400719746,69.39630398,grapes,37
16,145,199,26.91624843,5.953966361,69.30927185,grapes,12
16,130,201,29.12033769,5.682395429,68.8503047,grapes,21
39,129,203,34.38922481,5.863996687,71.03001556,grapes,28
38,135,203,41.36106301,6.444373116,69.92107482,grapes,12
1,132,200,16.27852801,5.620745638,66.57462809,grapes,32
39,140,203,21.11903604,6.349875906,69.27779761,grapes,36
28,145,202,19.2077707,6.484323189,66.83113717,grapes,36
6,128,200,25.96308415,5.838748311,70.31782647,grapes,40
6,139,199,25.67385024,6.29099842,74.10919422,grapes,81
29,122,196,41.94865736,5.638328481,73.06862952,grapes,60
37,144,197,11.18994268,6.415555956,66.34234944,grapes,63
38,120,197,17.5438296,6.323722572,73.77063744,grapes,52
38,141,198,13.05809741,5.757009965,70.75633584,grapes,12
23,138,200,9.851242629,5.96537863,68.42802444,grapes,42
40,143,201,24.97256132,6.476757723,66.70016285,grapes,79
6,142,202,27.23708304,6.224542938,70.42508897,grapes,84
37,124,195,18.70679077,6.209928251,66.5964488,grapes,52
35,134,204,9.949929082,5.841138354,66.00817551,grapes,58
119,25,51,26.47330219,6.283818329,53.65742581,watermelon,65
105,30,50,25.29954705,6.37620108,57.04147057,watermelon,32
93,22,52,26.58740671,6.932739726,41.87540028,watermelon,4
80,26,55,24.53442564,6.140099215,49.11618732,watermelon,30
85,27,45,26.0713757,6.467095849,57.79652846,watermelon,67
85,22,53,25.96534238,6.849471704,59.46338556,watermelon,89
82,22,45,26.22338015,6.512196212,54.60159289,watermelon,63
118,13,54,24.41311871,6.039584629,44.07843475,watermelon,24
83,25,53,26.49195283,6.057697106,57.72799157,watermelon,70
86,15,47,24.04355803,6.423898762,53.78929956,watermelon,37
101,10,47,25.5421695,6.936997681,57.57343233,watermelon,45
119,9,50,26.74550678,6.251286661,40.794305,watermelon,65
102,14,52,26.79489868,6.51075991,57.74091817,watermelon,63
109,21,55,24.9004602,6.770278088,57.44942094,watermelon,9
103,17,51,25.11189154,6.209888345,44.20656987,watermelon,20
105,14,50,26.2148837,6.419052193,59.65590798,watermelon,14
97,8,52,24.9103226,6.237861736,49.48575692,watermelon,80
95,16,55,25.26931156,6.612847999,40.12650421,watermelon,86
83,29,52,25.76402693,6.704688865,46.05122728,watermelon,29
83,9,45,25.85483596,6.049609892,46.85176955,watermelon,61
91,21,50,24.33528185,6.762030215,48.32113628,watermelon,70
116,5,54,25.37601283,6.65398725,57.23028471,watermelon,24
112,28,54,24.86094646,6.738030547,55.29563514,watermelon,8
88,29,51,24.71885473,6.095689937,48.45978627,watermelon,63
118,15,45,24.21495706,6.538006356,48.01138482,watermelon,63
92,21,48,25.81692236,6.377427122,54.82963379,watermelon,21
106,14,45,24.47018505,6.417011754,57.26773002,watermelon,70
99,5,47,24.13078816,6.649086972,51.19470197,watermelon,46
98,8,51,26.1793464,6.25933595,49.43050977,watermelon,63
108,22,46,26.17668721,6.121168559,53.33484977,watermelon,66
119,7,55,26.03867719,6.031424482,44.3993381,watermelon,90
80,16,46,25.50405534,6.940236218,48.47833278,watermelon,7
100,18,52,26.20234499,6.87606733,56.47941847,watermelon,4
91,7,53,25.13735887,6.457216535,43.52897517,watermelon,59
103,16,49,24.06731461,6.915717008,51.75212401,watermelon,5
85,25,47,26.11440416,6.29542477,58.48160844,watermelon,34
84,7,51,26.81530456,6.399669044,55.74073582,watermelon,27
98,25,52,25.2801372,6.224066378,49.29456609,watermelon,39
97,25,50,26.22005978,6.093814669,49.08553937,watermelon,4
95,12,46,26.21667586,6.32281728,54.65423596,watermelon,35
82,23,49,26.81383586,6.873283991,51.70497792,watermelon,82
110,28,46,24.29105004,6.49889585,51.26046418,watermelon,5
118,21,51,24.42998931,6.678805092,48.58241822,watermelon,90
120,20,45,25.66576039,6.114128685,54.22722466,watermelon,42
91,7,52,25.07803672,6.405054243,56.39962921,watermelon,54
81,6,55,24.88910524,6.110142735,51.70699144,watermelon,41
101,13,54,25.42900869,6.828982708,56.34144589,watermelon,46
107,10,49,25.83202912,6.755192025,45.24690619,watermelon,21
84,25,52,24.37190239,6.12532356,44.20899581,watermelon,16
91,12,46,24.64458469,6.343942518,48.31219031,watermelon,32
89,22,52,24.89681131,6.217300786,53.14626213,watermelon,28
113,19,46,25.41864024,6.286387658,49.52320689,watermelon,45
90,14,52,24.84740848,6.391858432,59.67927244,watermelon,1
104,23,47,26.98212846,6.770434148,42.91292205,watermelon,90
88,5,47,25.86475496,6.662244646,41.16554802,watermelon,86
92,7,45,26.70607759,6.944640222,51.51033554,watermelon,60
81,18,50,26.44019475,6.507110986,47.81847573,watermelon,4
111,5,55,26.283443,6.520663422,50.78669728,watermelon,41
83,10,53,24.92994759,6.195142279,48.75859458,watermelon,40
101,11,51,25.50736962,6.792035575,44.2068997,watermelon,45
114,21,55,25.4438391,6.472756256,57.51549686,watermelon,17
92,7,48,26.27520631,6.956508826,54.38748495,watermelon,86
110,21,54,26.73690828,6.747537642,47.46447019,watermelon,58
112,25,51,25.04746944,6.932537231,56.72496677,watermelon,60
100,10,53,24.54356968,6.211748957,42.00660251,watermelon,8
95,14,50,26.6333118,6.560443519,56.31866159,watermelon,86
119,30,49,25.35794749,6.903020221,47.72078245,watermelon,26
83,23,55,26.89750174,6.463271076,43.97193745,watermelon,46
120,24,47,26.98603693,6.260838965,58.54876687,watermelon,12
115,17,55,27.57826922,6.776533055,28.08253201,muskmelon,76
101,25,52,29.09910406,6.750145572,22.52497327,muskmelon,76
118,18,52,28.04943594,6.562832807,20.76223014,muskmelon,30
95,26,45,29.91690582,6.117530021,28.16057247,muskmelon,36
81,25,49,29.86895762,6.076459669,26.26243014,muskmelon,19
117,24,53,29.17220859,6.293486295,21.30290472,muskmelon,48
113,6,52,27.76317235,6.740983646,25.21609113,muskmelon,55
108,26,52,28.82629037,6.201797639,26.23838511,muskmelon,13
81,30,48,28.52379742,6.041027474,29.86681385,muskmelon,12
115,9,52,29.06785065,6.019372459,29.1194739,muskmelon,80
84,21,55,28.47090661,6.494251024,21.08484101,muskmelon,75
95,27,55,28.47212559,6.160414414,20.88620369,muskmelon,81
119,5,55,29.68846716,6.168757984,26.83924845,muskmelon,79
110,14,51,27.02415146,6.085444691,21.26034986,muskmelon,71
87,14,48,29.69238699,6.606033244,29.1102594,muskmelon,38
85,9,53,28.20619412,6.447662945,28.78654515,muskmelon,44
100,6,53,29.05248036,6.105909623,23.66620626,muskmelon,11
107,12,46,29.57240298,6.559763394,27.56918621,muskmelon,51
91,13,47,29.10968327,6.14410903,27.95602304,muskmelon,88
102,25,50,28.20480805,6.099662369,20.36001144,muskmelon,13
117,25,53,29.11858526,6.413927319,24.52020164,muskmelon,14
104,25,55,29.81196601,6.123802502,22.68766503,muskmelon,23
102,24,54,27.72338349,6.698468621,22.81863447,muskmelon,28
116,25,50,29.26092798,6.088885814,28.70627683,muskmelon,47
110,25,54,28.91105641,6.425930938,23.44398467,muskmelon,85
88,17,52,29.90415889,6.646962425,25.37828397,muskmelon,22
87,25,46,27.42711692,6.379690748,21.7508774,muskmelon,84
120,8,46,29.55657523,6.732834334,28.36535596,muskmelon,69
95,13,46,29.84070774,6.126019932,23.28207838,muskmelon,85
108,22,47,28.53545677,6.161123579,25.1290048,muskmelon,77
82,13,52,27.11535046,6.442810053,26.51924782,muskmelon,90
120,23,55,27.84492803,6.732049075,26.47844429,muskmelon,54
110,22,47,29.03157242,6.243673725,24.93861254,muskmelon,41
95,23,45,27.82424457,6.266208727,21.19014526,muskmelon,3
106,10,49,27.72653142,6.350623739,20.21126747,muskmelon,35
99,12,52,28.69708334,6.002927293,22.21807088,muskmelon,51
106,20,51,29.73019662,6.342573112,20.49035619,muskmelon,28
117,19,55,28.80311922,6.121745389,25.16359891,muskmelon,29
113,20,48,27.46583649,6.440584681,27.27899847,muskmelon,71
101,17,47,29.49401389,6.185053234,26.30820876,muskmelon,48
98,7,45,27.79161808,6.157724816,26.85422624,muskmelon,83
93,22,48,29.12533739,6.776987974,21.90440445,muskmelon,64
95,21,47,27.93114233,6.431970877,20.66127836,muskmelon,19
109,12,48,29.45771748,6.708743843,20.76212031,muskmelon,16
118,12,47,27.96872279,6.010739645,28.94766949,muskmelon,70
95,16,46,27.0767265,6.74669542,24.4514648,muskmelon,61
95,7,45,27.30008597,6.031665834,25.09484511,muskmelon,30
87,6,45,29.82729394,6.40077205,22.84203589,muskmelon,24
84,29,49,29.94349168,6.251420275,20.39020503,muskmelon,60
111,5,52,29.8843055,6.135996372,21.0000988,muskmelon,35
111,15,54,27.7058373,6.194090172,22.06207161,muskmelon,13
115,12,52,27.51492243,6.685553129,21.01796432,muskmelon,69
120,25,50,28.05457761,6.327210469,21.84869328,muskmelon,22
102,11,45,29.03167341,6.35544263,24.15591199,muskmelon,88
107,22,54,27.99611732,6.630301421,21.61893763,muskmelon,81
80,18,52,27.87317436,6.484799661,24.05207925,muskmelon,56
82,20,54,29.34033587,6.541150335,21.44532907,muskmelon,30
98,22,47,29.07265321,6.341400922,28.83568362,muskmelon,78
85,21,47,29.87331077,6.186770318,24.69720481,muskmelon,54
90,23,54,28.55852465,6.159020864,27.26588346,muskmelon,16
99,29,55,29.19378695,6.660954816,26.48240255,muskmelon,73
80,18,51,28.05380704,6.706053225,20.76582087,muskmelon,32
114,8,52,29.34081108,6.419083092,28.22908103,muskmelon,47
99,6,46,28.61475136,6.39637861,28.98574189,muskmelon,54
89,25,50,27.04863538,6.375923383,25.08146686,muskmelon,27
96,13,55,29.5275305,6.700337732,21.13545688,muskmelon,60
106,21,52,28.89578588,6.286515359,23.0362503,muskmelon,58
90,15,52,27.04927452,6.448061578,23.65747461,muskmelon,57
106,16,54,28.96017885,6.585872508,24.7458198,muskmelon,1
24,128,196,22.75088787,5.521466996,110.4317855,apple,4
7,144,197,23.8494014,6.133220586,114.0512495,apple,39
14,128,205,22.60800988,6.226289556,116.0396587,apple,44
8,120,201,21.18667419,6.321152192,122.233323,apple,70
0,123,205,22.02775403,5.790993052,121.1349176,apple,70
30,122,197,21.37784654,5.573241391,106.1417017,apple,51
9,139,199,23.25230817,5.867420996,105.3558408,apple,45
0,133,200,23.67287749,5.708418722,104.2298028,apple,68
36,140,198,23.34386401,6.28188384,104.4267991,apple,79
37,137,199,22.63946441,5.697945522,108.3405879,apple,64
35,128,205,21.07273439,6.041053829,107.8737015,apple,27
29,128,198,22.44075021,5.685062404,121.4977331,apple,79
2,143,196,22.71271308,5.669489065,109.8852597,apple,63
34,140,198,21.70416965,5.751707342,115.1781396,apple,34
29,144,204,22.43324518,5.800448951,119.1025189,apple,12
13,144,197,22.9215706,6.28022267,105.6941544,apple,60
25,143,198,22.81212536,6.027314401,107.855225,apple,46
9,137,200,21.12152071,5.636687393,102.8017203,apple,70
6,144,198,21.11478672,5.559363609,104.5086618,apple,69
11,143,197,22.98458907,5.875718516,122.1952483,apple,43
10,141,201,22.12659387,6.386021424,104.5412275,apple,5
24,142,202,22.53779727,5.710819862,101.8474768,apple,47
18,125,204,22.35548159,6.046673619,116.7366261,apple,79
13,121,196,22.20700989,6.443382913,120.1593771,apple,51
26,122,202,22.44516988,5.617227184,107.1843273,apple,2
28,123,202,22.76643029,6.442289294,120.4359949,apple,17
26,121,201,22.19109412,6.162034371,112.3126628,apple,77
21,137,196,23.6119202,5.812781806,123.5900822,apple,25
5,144,205,21.42177231,6.184922574,102.8045658,apple,64
25,143,200,23.80436344,6.024248787,100.6192543,apple,68
19,122,202,23.34467359,5.811975094,112.8954016,apple,2
10,125,196,22.31253665,5.730557448,113.0688155,apple,67
20,139,202,23.50201428,5.66999105,107.9868949,apple,26
28,123,198,23.46260321,5.682751473,111.7763395,apple,87
28,136,200,23.06204373,6.245858905,114.7399101,apple,23
2,131,199,22.47420512,6.017370134,124.2179699,apple,46
2,140,197,22.69780133,5.53456749,105.0508234,apple,30
27,138,201,23.66682067,5.952367662,105.4004751,apple,72
30,127,204,22.50050273,6.126436584,100.9343903,apple,56
32,145,203,23.83053666,6.406818518,109.5966791,apple,69
26,126,195,21.41363812,5.878568981,118.3979065,apple,29
6,124,200,22.98208095,5.971332179,109.5852253,apple,48
35,138,200,21.19909519,5.67130617,103.6838922,apple,44
33,134,205,21.0365275,6.08551916,114.7412734,apple,30
16,143,197,22.61711614,5.90402645,116.9256766,apple,41
29,145,205,22.81227579,6.212302608,109.3383552,apple,28
5,136,195,22.35628673,6.264202804,107.7697413,apple,31
10,136,204,21.19852186,6.276198595,105.8554351,apple,50
7,141,195,23.8812458,5.514253142,104.9116663,apple,30
2,129,201,22.78234161,5.682343744,122.1449949,apple,80
29,132,204,23.08950736,6.0967531,108.2166601,apple,79
14,139,197,21.72484506,6.056529526,121.6961761,apple,66
18,125,203,22.44307715,6.160267496,102.5565807,apple,15
33,143,204,21.1316077,5.814434775,122.5391946,apple,67
40,144,196,22.71750705,5.987262638,107.0289866,apple,4
9,143,197,23.75033085,5.570020684,117.6602827,apple,65
1,135,203,22.77856513,5.624203283,113.7759219,apple,33
0,145,205,21.22503442,5.52078314,113.9760462,apple,45
35,131,203,22.42776057,5.893490899,102.7230739,apple,55
29,140,195,23.64082979,5.560521058,116.7431319,apple,41
14,140,197,23.35225078,6.071255131,113.0381382,apple,10
35,145,195,22.03911546,6.231950009,110.9804014,apple,52
40,120,197,23.80593812,5.889480679,119.6335548,apple,75
25,132,198,22.31944084,5.732757516,100.1173443,apple,90
36,144,196,23.65167552,6.496934492,115.3611268,apple,62
10,140,197,22.16939473,6.229498836,124.4683112,apple,60
27,13,6,13.36050601,7.335158382,111.2266885,orange,60
26,27,10,28.06903173,6.079998496,114.1339416,orange,32
39,24,14,30.55472573,7.189259647,106.0711985,orange,73
13,23,6,23.96147583,7.365338111,102.6958703,orange,55
19,7,10,14.78003032,6.118430299,100.1961762,orange,89
24,18,6,26.56608303,6.285312759,116.3796525,orange,24
31,8,7,34.51465139,7.163245982,103.5684926,orange,44
22,17,5,24.12188673,6.945562889,102.835632,orange,60
13,5,8,23.85340379,7.474710503,103.923226,orange,44
0,25,14,19.33516809,6.361671475,116.450422,orange,6
8,7,10,28.2620488,6.929216014,105.2132259,orange,50
4,23,5,22.67594476,7.477935216,110.3332655,orange,53
33,14,8,21.03200078,7.684420446,110.6823944,orange,42
30,7,15,33.23453301,7.825531916,115.7659902,orange,55
21,29,12,22.30318989,6.438668989,117.3688104,orange,40
29,25,14,30.49183837,7.781988584,113.3302105,orange,75
33,12,15,30.25578031,6.052318465,116.7173125,orange,14
8,16,6,12.22816189,7.106650373,108.4161706,orange,38
15,14,8,10.01081312,6.22094286,119.3941064,orange,74
16,7,8,22.79196751,6.420457311,116.5084074,orange,24
0,12,7,20.18432263,6.969249676,116.8130969,orange,30
10,5,5,21.21306973,7.817846496,112.9834361,orange,7
1,17,6,10.78689755,6.8198271,117.5293447,orange,51
1,30,10,11.89925671,7.291405641,103.5771468,orange,86
0,23,15,22.56664172,7.598729065,109.8585753,orange,18
36,11,13,17.34083741,7.1917274,112.7194284,orange,35
40,21,8,34.90665289,7.418761774,102.1906333,orange,22
40,22,6,24.53610067,6.488221135,115.9787989,orange,8
32,18,13,13.8377282,6.044167236,107.9873218,orange,23
9,10,10,22.3551049,6.010391864,101.5164589,orange,41
13,16,8,34.74004942,6.949838549,100.1967854,orange,57
29,11,5,23.13338811,7.639788459,104.4224145,orange,70
1,15,9,29.98364695,7.53350946,115.3560318,orange,77
18,5,11,20.87947369,6.251586885,102.4550786,orange,37
33,15,7,15.83388699,7.651225301,109.7571416,orange,1
4,6,7,23.01014302,6.708889665,112.6738296,orange,40
17,16,14,16.39624284,6.625538653,102.944161,orange,67
12,20,10,24.45132792,6.528354932,109.4711098,orange,13
34,29,8,31.87859192,6.450640306,105.3437825,orange,28
39,28,10,31.34920143,7.181907673,109.1549823,orange,26
31,25,12,18.05142392,7.016482298,111.7793889,orange,85
12,6,8,30.84835031,6.388617138,107.4142681,orange,25
12,29,13,22.45616931,7.57125447,118.0069295,orange,77
26,11,11,13.70319166,7.609348255,106.2944879,orange,54
39,21,9,13.20844373,6.354022554,106.2696156,orange,52
16,29,13,32.31944397,6.196907944,117.6236473,orange,14
36,29,13,20.68185224,7.829507245,109.7513927,orange,31
37,23,12,31.52675982,6.395258356,113.1169398,orange,84
39,9,15,25.35467646,7.992041984,116.7555937,orange,70
31,5,14,17.66545409,6.583411671,110.6857506,orange,20
5,8,5,11.03367937,6.562594972,112.7715925,orange,64
20,8,12,25.2990432,7.260416405,117.9733424,orange,39
14,19,14,17.68408797,6.699164936,108.0638166,orange,39
26,15,6,17.22034507,6.912033409,108.0054343,orange,35
13,22,5,19.667056,7.764040111,100.1737964,orange,34
32,25,9,10.35609594,7.796034006,101.1456947,orange,17
28,7,9,34.5917846,6.730757538,115.5650287,orange,65
24,30,11,32.39523995,6.601395755,113.25373,orange,77
7,17,10,10.16431299,6.465913274,106.362551,orange,15
18,23,8,21.49118657,6.41354791,101.4819888,orange,41
7,20,12,16.53460397,6.475275337,110.0447896,orange,34
20,23,11,31.8520694,6.407715561,109.9455062,orange,57
34,11,10,31.75048899,7.36220835,115.1989301,orange,90
20,29,10,29.07412717,7.36549204,100.7896871,orange,56
37,24,13,19.14381903,7.8546243,108.0230792,orange,39
12,8,10,16.14820285,7.995848977,107.4287664,orange,58
34,10,14,34.05296914,6.725600855,116.8020848,orange,32
13,8,12,25.16296632,7.105904818,114.3117197,orange,11
6,7,7,27.68167318,7.199106204,113.9995146,orange,49
40,17,15,21.35093384,7.871063004,107.0862095,orange,1
31,26,9,11.69894639,7.566165721,103.2005992,orange,87
58,46,45,42.39413392,6.576261427,88.46607497,papaya,90
45,47,55,38.4191628,6.751452932,119.2653877,papaya,75
31,68,45,42.92325255,6.938313356,196.2408242,papaya,47
70,68,45,33.83508569,6.991626158,203.4044028,papaya,54
68,62,50,33.20258348,6.977700268,197.5282582,papaya,20
34,65,47,23.48546973,6.833768535,191.7760562,papaya,76
38,68,54,29.33710543,6.739170045,202.0572747,papaya,85
44,64,54,29.80744318,6.74274935,232.7046126,papaya,14
56,57,48,31.56213762,6.506120752,63.62250788,papaya,45
69,60,54,36.32268069,6.98992719,141.1736926,papaya,30
49,55,53,38.4418717,6.544029776,77.71566883,papaya,84
38,51,52,32.66160599,6.927803911,78.85085502,papaya,63
57,57,51,39.01793345,6.99223441,105.8841531,papaya,19
39,52,53,32.51247398,6.704204398,51.07048113,papaya,26
58,67,45,38.72382798,6.702424548,62.62377075,papaya,82
61,64,52,43.30204933,6.641098708,110.562229,papaya,51
34,62,55,27.58548913,6.585346229,238.5008779,papaya,74
31,48,45,40.78881819,6.563134737,132.7923586,papaya,3
32,68,52,32.68067385,6.800321319,248.8592986,papaya,8
61,51,51,39.30050027,6.574677594,120.9512466,papaya,56
70,54,46,39.73149053,6.919342407,122.7628653,papaya,21
50,59,47,40.76998685,6.747975732,209.8678411,papaya,14
39,70,52,26.26559543,6.65149129,59.49373381,papaya,90
34,61,49,28.12971499,6.502675132,117.8201907,papaya,21
44,60,55,34.2804607,6.825371185,98.54047745,papaya,75
31,62,52,33.7960155,6.99104104,182.026807,papaya,12
44,57,53,42.30495821,6.93172108,74.876786,papaya,44
60,46,53,24.48620746,6.761953186,183.49095,papaya,19
60,58,51,42.07213781,6.840802254,165.7412972,papaya,38
35,66,47,31.7018373,6.953439161,48.83810592,papaya,79
39,64,52,28.91842453,6.678695788,63.68794608,papaya,58
37,52,47,43.08022702,6.54277684,211.8529059,papaya,2
33,47,46,29.20300896,6.839443833,209.4083305,papaya,16
34,48,48,41.04224355,6.805277038,181.527598,papaya,42
68,52,49,24.42561272,6.577192175,63.35298768,papaya,66
65,63,50,31.88342554,6.524459342,79.27201575,papaya,90
42,53,48,23.11407669,6.758479569,231.5153161,papaya,51
59,62,49,43.36051537,6.941496806,114.778071,papaya,38
70,65,52,30.42012134,6.583528529,75.95295,papaya,17
63,50,52,28.64555584,6.751747609,115.8163936,papaya,68
40,64,47,32.50037548,6.893509446,71.73759526,papaya,5
63,58,50,43.03714283,6.720744449,41.5856585,papaya,3
45,58,49,30.10773379,6.827812549,75.24521981,papaya,37
66,69,47,23.69212243,6.912299695,87.53393983,papaya,62
54,67,52,35.67667332,6.586107335,141.3381168,papaya,43
69,67,52,27.71948962,6.827305908,82.83061083,papaya,79
67,68,49,35.26824831,6.821774589,149.8488208,papaya,31
56,50,52,33.08706051,6.770384816,88.1300769,papaya,16
44,47,45,38.73218907,6.579441304,218.142147,papaya,69
50,60,47,32.57720726,6.92791761,93.7942847,papaya,62
52,51,53,38.38231475,6.985804083,210.2735346,papaya,38
35,68,45,42.93605359,6.612429546,234.8466111,papaya,7
32,55,51,29.60718808,6.57398033,62.68710535,papaya,74
39,69,53,25.9300384,6.964955435,241.8202079,papaya,79
49,61,45,32.76795887,6.764213299,240.4795923,papaya,22
69,66,49,40.00439101,6.52711001,92.11877372,papaya,15
53,55,55,33.32315744,6.709668804,234.496633,papaya,48
42,59,55,40.10207731,6.979102243,149.1199989,papaya,72
35,67,49,41.31330062,6.617066674,239.7427554,papaya,81
39,64,53,23.0124018,6.598860305,208.3357976,papaya,32
10,18,35,27.79797651,6.381975465,181.6942283,coconut,84
39,5,31,27.10134661,5.551963184,150.9502632,coconut,45
31,30,29,26.58580443,5.558807063,178.8116076,coconut,62
26,10,33,28.27298134,6.07071786,198.8234862,coconut,13
9,17,32,25.94951662,5.842317989,172.0540491,coconut,44
22,11,29,28.03380598,5.955742971,218.0055713,coconut,24
31,6,26,29.12859129,5.741367375,157.2388553,coconut,34
34,6,30,27.0828252,5.948342571,171.7575545,coconut,30
1,8,26,27.5136304,5.562911913,156.6732553,coconut,27
31,13,33,27.63834933,5.85971872,205.5463111,coconut,82
36,27,26,26.58413917,6.25449571,171.6262299,coconut,22
38,24,33,28.28905147,5.973853124,142.9403233,coconut,6
33,14,35,27.14865285,6.027707171,149.2433497,coconut,65
23,6,33,29.18032562,6.025789594,204.9603677,coconut,68
24,14,33,29.38072512,6.366219551,218.5241851,coconut,18
32,12,30,25.39241091,5.579845008,218.080385,coconut,43
30,25,31,26.31270635,5.804965067,208.1181381,coconut,49
14,21,35,29.52501367,6.121005506,194.3100272,coconut,2
40,5,29,28.48444906,5.820978791,160.389421,coconut,12
30,30,35,25.00872392,6.001936419,165.8092179,coconut,66
39,7,29,27.54273211,6.362544111,150.2012138,coconut,50
32,20,35,26.52166434,5.588655387,144.6261698,coconut,45
29,17,29,29.20394909,5.959493188,211.2506267,coconut,1
24,27,34,28.87862994,6.203376525,145.0583117,coconut,41
39,29,29,26.50908611,6.143662699,199.8778403,coconut,9
29,8,28,26.87037587,6.100429497,214.4128874,coconut,81
37,10,32,28.96318258,6.165084855,222.803013,coconut,23
20,29,27,25.09897688,6.047044342,157.7592626,coconut,56
31,29,35,27.1872282,6.137102505,141.3220576,coconut,40
17,30,27,29.03065024,5.894027065,205.5720367,coconut,89
27,24,29,26.61423461,6.142010637,191.006688,coconut,44
3,23,30,29.70143197,6.078807239,215.1968037,coconut,30
8,26,26,25.54759871,5.702484758,212.867626,coconut,13
20,28,26,26.37978453,5.547594847,167.0470997,coconut,59
26,18,27,27.45907759,5.836075368,142.1430003,coconut,30
27,30,31,28.98545306,5.718120393,148.8398374,coconut,44
23,7,34,26.1055118,5.852038202,134.1279669,coconut,40
0,26,31,25.0707247,5.547933273,192.9036306,coconut,10
38,6,25,25.54963273,6.156259104,191.2996157,coconut,39
40,5,32,26.07010807,5.981169595,143.533473,coconut,36
35,30,34,28.2974764,6.141502001,182.4482352,coconut,37
17,29,26,26.14162144,6.071897347,195.4115025,coconut,26
2,30,30,26.00175125,6.331051715,209.540094,coconut,72
30,13,25,27.15116142,6.413184638,164.9182225,coconut,65
8,15,33,28.97318719,5.50158009,213.9011021,coconut,3
18,12,35,26.13958446,6.338720873,131.3387935,coconut,77
8,28,30,25.51618488,6.015672239,135.1272491,coconut,61
22,16,27,29.1797902,6.006784979,188.9252083,coconut,57
22,8,33,28.43572863,5.665785202,203.9283708,coconut,76
28,27,32,28.94099669,5.764615485,191.7723087,coconut,15
19,26,29,26.93141945,5.67154928,166.5712879,coconut,20
133,47,24,24.40228894,7.231324765,90.8022356,cotton,76
104,47,18,23.9656349,7.633437412,90.75616738,cotton,42
133,47,23,24.88738107,6.827354668,89.76050416,cotton,44
126,38,23,25.36243778,6.176716425,88.43618918,cotton,58
113,41,20,25.0017188,7.256877571,96.32600992,cotton,14
121,45,22,22.45942937,6.443785385,64.23026638,cotton,46
129,60,22,24.58453146,5.947448589,71.94608134,cotton,5
122,59,18,23.5000992,6.219469084,79.81328183,cotton,70
140,38,15,24.1472953,6.021439523,69.91563467,cotton,34
102,49,21,24.69315538,6.253343655,89.799462,cotton,57
135,43,16,23.47986888,6.720449769,86.76287924,cotton,6
123,39,24,25.00755095,7.453106264,86.06411872,cotton,46
117,56,15,25.99237426,7.368258226,89.1188212,cotton,51
121,36,24,23.66457347,7.352401887,99.36898373,cotton,62
101,58,18,25.66891439,6.652143699,78.59595817,cotton,65
107,42,24,22.04612876,6.144631795,86.00758678,cotton,52
125,39,21,25.03149561,7.954629324,95.0191318,cotton,59
105,60,23,23.53371386,6.207652157,87.54004943,cotton,52
102,46,19,22.77076388,6.631005298,81.49543437,cotton,24
139,35,15,25.248679,5.898293044,86.55517751,cotton,68
108,36,19,22.78249615,7.238566893,64.61444234,cotton,87
118,45,23,23.37044424,7.977651226,71.67870701,cotton,77
107,51,22,24.86560781,5.983075895,79.56866268,cotton,26
125,60,17,24.14386157,6.785723961,80.36146974,cotton,15
113,37,20,25.03300222,7.393441155,97.10087029,cotton,22
131,52,16,23.65724079,6.486068274,88.54479121,cotton,81
115,48,16,25.54359718,7.175934962,88.94245493,cotton,26
111,41,18,23.64328417,6.10539819,80.96157332,cotton,56
111,53,19,23.96436009,6.419536555,84.63148859,cotton,58
122,48,16,24.65425757,6.307585854,61.82980133,cotton,38
108,46,17,24.3017998,6.93221485,65.0247867,cotton,54
132,41,22,24.29144926,7.810865753,90.41694635,cotton,88
103,42,17,24.29470232,6.527541661,81.05902285,cotton,24
133,50,25,25.72180042,7.569454601,99.93100821,cotton,80
127,37,18,24.87663664,7.041065585,91.9223468,cotton,32
110,39,25,22.60612115,7.208795456,75.13617229,cotton,29
131,38,19,23.86814008,6.814341946,90.4547185,cotton,47
108,38,24,23.41022496,7.442217061,78.82199603,cotton,25
122,40,17,24.96440768,6.854558957,80.03995829,cotton,38
111,50,15,25.16820129,7.884550475,84.62419032,cotton,89
140,40,17,22.72767171,6.006085786,77.55176318,cotton,45
100,40,20,22.45145981,7.432043735,86.84998693,cotton,11
123,50,16,23.04920461,6.498052108,70.65644296,cotton,18
107,36,21,25.29250148,6.205263534,62.64174227,cotton,40
118,50,19,22.95604064,6.360812227,66.48339303,cotton,89
133,57,19,23.54234715,7.947011366,84.12536744,cotton,65
116,52,19,22.94276687,6.114525877,67.08022574,cotton,55
107,43,18,22.426733,6.745104394,65.54475812,cotton,76
112,49,25,25.68959532,6.470135478,66.19426787,cotton,88
119,44,15,22.14593688,7.091992365,60.65381719,cotton,85
130,59,19,25.07278712,6.520403794,93.51042684,cotton,31
132,52,19,24.16402322,6.436691764,61.94626051,cotton,14
102,37,25,25.31468463,5.907930899,72.82902109,cotton,66
111,39,22,22.60361557,6.135025006,88.57395505,cotton,73
117,51,15,22.9535715,6.044556594,99.75336197,cotton,5
136,36,24,22.74446976,7.59781958,90.07326633,cotton,84
134,56,18,23.80834611,6.691268104,70.97358303,cotton,18
140,45,15,25.5308271,5.801047545,99.39557151,cotton,33
126,46,25,24.43847399,6.757457943,60.79645852,cotton,50
108,60,17,22.75805656,6.558902588,97.76600619,cotton,71
116,56,17,24.71252544,7.979090365,85.24963302,cotton,57
129,43,16,25.5503704,6.73210948,78.58488484,cotton,64
117,43,25,24.68854799,7.839849298,69.31153566,cotton,54
126,37,21,25.84997269,6.61448588,77.03421249,cotton,9
120,48,16,22.46054478,7.456971816,71.85436078,cotton,37
102,45,16,23.65629976,7.2942193,74.8984994,cotton,84
131,56,20,22.00817088,7.762647875,92.23645249,cotton,4
101,37,18,22.92360984,7.63737841,92.91915074,cotton,53
113,38,20,22.10718988,6.364729934,74.94136567,cotton,68
102,53,21,23.03814028,6.913678684,91.49697481,cotton,30
107,58,15,23.73868041,7.55606399,76.63669195,cotton,4
120,60,15,22.31871914,7.288377241,65.35747011,cotton,45
89,47,38,25.52468965,6.002524871,151.8869972,jute,31
96,41,40,23.58419277,6.090060478,190.4242157,jute,41
100,35,36,25.31042337,6.346715209,190.5577618,jute,19
67,55,44,26.284017,7.251847296,182.2685447,jute,63
89,53,44,24.88692811,7.319735475,150.2498675,jute,18
60,55,40,24.9949957,7.02777956,151.4935635,jute,78
67,43,38,25.21622704,7.299304715,195.8645552,jute,36
70,38,35,24.39736241,7.014063944,164.2697011,jute,50
90,40,39,25.72668885,6.626503893,191.9649389,jute,4
82,35,44,26.96656378,6.239011,169.8391177,jute,51
73,45,37,23.70467146,6.742688094,181.2783964,jute,85
85,53,38,24.90075709,6.588017308,153.8990984,jute,45
80,45,42,23.1426498,7.380396262,151.9035477,jute,35
76,54,45,24.29496635,6.176618831,184.9800516,jute,31
76,56,39,24.39459498,6.551130445,197.1220049,jute,53
81,40,45,25.7629429,6.427726565,174.5071843,jute,59
76,44,45,25.4879684,6.740947635,168.7848886,jute,51
69,47,40,25.37122686,6.130136384,183.8270791,jute,8
82,40,45,26.21312799,6.667633355,180.1237765,jute,3
67,60,38,24.79853023,7.16214284,162.2847429,jute,43
72,51,40,23.20683504,7.422318499,199.4766779,jute,51
65,39,45,23.66805429,6.768001309,184.4633281,jute,78
78,50,43,25.12417673,6.348441469,159.5718087,jute,14
89,52,42,23.09433785,6.14132902,196.6587013,jute,48
66,47,36,24.85441411,6.57256106,175.572958,jute,47
80,52,39,26.41915161,7.165696848,197.2101782,jute,89
75,41,35,24.97042599,6.856833064,166.6415254,jute,68
60,55,36,26.12797248,7.132389299,150.6326874,jute,52
84,40,42,26.2830571,6.704273839,186.6898282,jute,36
100,56,40,26.38905406,7.433313409,176.1516409,jute,35
75,56,44,25.2746335,6.109478059,168.0432282,jute,18
78,46,42,23.09499564,7.095413294,155.3851533,jute,49
67,41,40,25.848795,7.333143205,152.6194403,jute,2
72,42,43,26.56767277,6.352771037,181.2915605,jute,56
89,40,43,26.24532085,7.124050134,189.9711184,jute,20
79,45,43,25.71901283,7.171054239,187.1735424,jute,87
98,43,35,25.40785911,7.319952206,188.6372826,jute,60
89,58,35,23.98651719,6.096838784,167.0576456,jute,48
66,58,35,23.5643831,7.321619041,185.25947,jute,9
82,35,35,25.49386782,7.299076163,176.5268267,jute,76
70,42,43,23.16814977,6.508342839,157.1215052,jute,14
90,59,35,24.25133493,7.098227926,175.1742112,jute,52
73,43,42,26.58361011,6.310699968,154.8238864,jute,38
72,41,36,24.09874353,6.187746776,176.8604109,jute,65
71,56,37,23.18866654,6.491506245,176.103677,jute,68
64,53,38,26.24347471,6.855362875,183.4065252,jute,46
65,54,39,23.75091572,7.124571593,160.0889553,jute,49
60,58,37,26.13871511,6.067302109,171.4892533,jute,76
86,39,43,26.14576648,6.432051512,193.1007598,jute,81
87,48,38,23.81579631,7.161865733,190.312216,jute,53
71,54,35,26.63952463,7.311077075,199.3355744,jute,39
82,46,41,23.3250131,6.581693772,187.3096148,jute,83
71,52,43,26.47549543,6.732826127,180.2513601,jute,43
95,57,41,23.24925555,6.434610995,184.7674863,jute,65
87,44,43,23.87484465,6.718725189,177.5147313,jute,43
88,52,39,23.92887902,6.880204617,154.6608736,jute,50
90,39,37,24.81441246,6.86106911,190.7886386,jute,27
90,39,43,24.44743944,6.7693455,190.9684885,jute,55
84,38,43,26.57421679,7.26158085,159.3223075,jute,50
91,21,26,26.33377983,7.261313694,191.6549412,coffee,67
116,28,34,23.44372334,6.42321105,122.2103248,coffee,29
116,23,25,23.4123707,6.869720196,139.3670753,coffee,67
118,18,32,27.6496114,6.351823783,122.8392822,coffee,18
85,33,25,26.20811417,6.910823945,189.0944824,coffee,77
99,15,27,27.0424167,6.501157208,165.6872119,coffee,73
80,15,28,23.11438731,6.703270635,161.8944624,coffee,4
104,20,26,27.22783677,7.493191968,175.7260273,coffee,37
100,32,26,25.234661,6.043485685,124.2261737,coffee,73
100,24,28,25.59535262,7.101661011,195.7733251,coffee,65
120,23,28,25.67324193,6.877799264,196.2736367,coffee,74
104,26,30,24.40726724,6.410992833,148.6977358,coffee,24
108,33,31,23.69287069,7.393825704,144.6576424,coffee,71
91,25,26,24.53460016,7.482414225,180.5059257,coffee,23
86,26,27,27.13140403,6.081172981,192.4280381,coffee,44
84,39,35,23.17714381,6.959404135,117.3113562,coffee,34
98,27,27,24.71384065,7.238109556,197.6439711,coffee,49
118,21,34,24.38534644,7.234258375,119.6324109,coffee,47
103,27,31,27.15998538,6.691541233,126.1752206,coffee,29
82,24,33,26.53543168,6.809593554,120.6494434,coffee,59
86,31,35,27.01207284,6.485761419,191.4508931,coffee,29
88,35,35,27.55906475,6.784460602,117.9389993,coffee,40
120,40,33,24.23850608,6.73410539,115.1564012,coffee,30
106,40,30,23.42611644,6.779984384,122.6847408,coffee,16
117,34,25,24.83846178,7.21270048,124.4135035,coffee,7
88,21,27,24.43011925,7.231166546,181.6368274,coffee,4
87,23,28,26.22367404,6.979590627,193.7461968,coffee,77
113,15,29,27.09617155,6.779230041,190.2440566,coffee,12
98,29,30,25.64004392,6.217974349,199.4735636,coffee,42
97,29,27,27.74576987,7.205078785,139.8619431,coffee,47
85,35,32,26.24928198,6.854011265,133.1120232,coffee,27
103,33,25,27.10210397,6.911066044,139.5013171,coffee,9
112,17,28,27.62975458,6.777417989,196.6492664,coffee,12
99,19,33,27.5364547,6.273741983,130.6377143,coffee,52
114,27,28,24.99451759,7.162802357,192.8736822,coffee,51
108,35,25,23.98143338,6.971963169,161.5279095,coffee,90
87,28,30,25.60153969,6.536676653,168.8383605,coffee,28
87,28,35,26.5602777,6.759211911,152.0616227,coffee,61
87,38,29,25.20406808,6.652642579,156.1457255,coffee,29
92,40,30,23.35723208,6.026287448,171.6976946,coffee,15
112,39,29,26.12492233,6.726528895,147.8035305,coffee,3
111,28,26,27.77363343,6.937352845,192.7121236,coffee,6
114,20,26,25.55656667,7.27905689,193.5866233,coffee,14
117,26,30,27.92374437,7.079850922,115.2325531,coffee,6
111,29,31,26.05968403,6.136286518,161.3432535,coffee,1
86,40,33,26.1387869,7.432322234,136.3027766,coffee,39
105,18,35,23.52648086,6.743417121,171.8839938,coffee,2
109,23,25,25.11711046,7.00733163,194.8773479,coffee,64
80,18,31,24.02952505,7.303033217,134.6803969,coffee,48
103,33,33,26.71717393,7.131435858,126.8073984,coffee,1
104,35,28,27.51006055,6.983732393,143.9955548,coffee,26
116,36,25,27.57847581,6.172090205,156.6810374,coffee,72
107,38,29,26.65069302,6.35118177,145.105065,coffee,59
99,16,30,23.52652084,6.392791654,186.1728203,coffee,4
116,38,34,23.29250318,6.020947179,183.468585,coffee,54
97,35,26,24.91461008,6.334610249,166.2549307,coffee,77
107,34,32,26.77463708,6.78006386,177.7745075,coffee,90
117,32,34,26.2724184,6.758792552,127.1752928,coffee,10
